"survey","los","cost","rdm30","death30","female","age","risk","month","program"
4.6,2.88161147304203,5949.99604071289,0,0,0,79.8929851124994,0.563707939581946,4,0
5,1.69430437470813,3980.4304115273,0,0,0,58.3116521565244,0.731236714404076,11,1
2.6,7.14831230617866,14378.8103061523,1,0,1,37.6214648312889,0.000570522155612707,10,0
3.8,4.88588779614235,11069.4159933536,0,0,1,79.7613133555278,0.628355585271493,8,1
4.4,4.3544446573659,9373.64320063949,0,0,0,104.344382276293,0.370726245688275,10,0
4,3.91715086255701,7924.06753305502,0,0,1,41.346403283067,0.0857618749141693,2,0
3.8,4.45729143245648,9658.29739112721,0,0,1,60.1883992734365,0.676196757005528,11,1
3,6.95886031800453,14786.8829885737,1,0,1,46.9205601881258,0.609157745726407,9,0
3,5.0732485454519,10934.3877667305,0,0,1,32.8178533092141,0.0960991012398154,12,0
3.6,3.8185242113513,7984.35422912441,0,0,0,82.3254952831194,0.39890470681712,9,0
3.4,5.05654505787508,11368.9806999756,0,0,0,65.5349176232703,0.0983217679895461,10,0
4.4,4.74705538398117,10189.032386168,0,0,0,39.1243212106638,0.794567694189027,6,1
2.8,5.48381525398453,11157.0102176982,0,0,1,23.7988495356403,0.817632554331794,5,1
4.8,2.90406568617869,5200.78142876863,0,0,0,78.8187146577984,0.405014413874596,7,1
4.6,1.92067161598368,4903.80869103891,0,0,1,90.553082567174,0.0025872802361846,1,0
4.4,4.3245968087524,9126.72681299719,0,0,0,28.3924111719243,0.60858040349558,7,0
5,1.64423995785774,3780.384784166,0,0,1,80.2812979202718,0.592336924979463,10,1
3.6,3.40176381533735,7775.44573601735,0,0,1,19.9607605668716,0.910157452803105,4,1
3.6,3.8961798936981,8702.97038494525,0,0,0,50.5239037745632,0.393951011588797,7,0
5,2.22717776507268,5251.30619075411,0,0,1,83.9052044944838,0.964200276881456,10,0
4.4,3.70758719619731,8374.66307819873,0,0,1,46.1360737723298,0.255093980347738,4,0
2.8,6.00189931991913,12894.8667902038,1,1,0,58.2437747921795,0.140771795995533,9,0
3.8,3.96198196974122,8461.24643116504,0,0,1,92.2895161220804,0.525254423962906,1,0
2.6,6.63191659842103,12769.1573489104,1,1,0,47.8615918681026,0.454066655598581,7,1
5,2.8179043512854,6445.72157651815,0,0,0,30.962265049573,0.521722374018282,10,0
3.6,4.06139140712604,8594.71844448757,0,0,0,45.0828676898964,0.0856974001508206,2,0
5,2.47478241196482,5371.66707057698,0,0,0,32.634161721915,0.597549495054409,9,1
3,5.74001735196811,11244.6585119866,0,1,0,93.5524420528673,0.683515642071143,12,1
2.8,5.48394078229893,11228.8065370436,0,0,1,77.7876729466952,0.54935643542558,2,0
3.8,4.14450983161694,8997.99044333373,0,0,0,30.4980575032532,0.62022546841763,2,1
4.2,4.74263455105715,10664.6088778788,0,0,0,47.329363249708,0.296236180700362,4,1
4.2,4.43684855060047,9322.30323752945,0,0,1,92.8287196992896,0.284499722765759,10,0
3.2,6.39161830957518,13477.07242493,1,1,0,92.0285193943419,0.601982762338594,4,0
2.8,6.46311674701858,13399.3309737457,1,1,0,31.4459928330034,0.167672119801864,1,1
5,2.12287521574371,4057.22065307311,0,0,1,55.915172057692,0.917387138586491,7,1
4.6,2.97149765157343,6235.49802149701,0,0,1,58.0664386362769,0.990910422988236,8,1
3.6,3.6839257557176,7670.70653458003,0,0,1,97.5534638199024,0.747668364550918,7,0
4.2,4.82015643348392,10110.6561686122,0,0,0,55.3497594008222,0.492538609309122,10,0
4.6,3.15095964148919,7351.93196897032,0,0,1,80.0902945683338,0.932809803402051,11,1
4.8,2.89665543509639,6674.89874442155,0,0,0,82.5228789397515,0.617038996191695,11,1
3,5.72498451073556,11867.7072233443,0,1,1,19.1141252936795,0.391704063396901,6,0
4.8,2.64976283624855,5672.84483242885,0,0,1,21.4046503622085,0.196377992630005,9,1
2.8,5.96367916017618,12775.8400080547,0,1,1,26.1789672793821,0.720078877871856,7,1
5,2.30278735960947,5383.90631855576,0,0,1,53.8941570692696,0.934172073379159,4,1
4.8,2.87354196109748,5902.7060749202,0,0,1,99.019311833661,0.692643887130544,5,1
2.6,6.86887224820631,13883.9969179316,1,0,1,58.0412365584634,0.888580930186436,6,0
3,5.8520689386258,12386.42885832,0,1,0,85.9637782881036,0.22866586712189,3,1
4,4.74383854988997,10371.9435620376,0,0,0,82.0323215606622,0.546568950172514,1,1
3.2,7.39138882849865,15226.6045509222,1,0,1,33.008071528282,0.206999191548675,12,1
4,3.76478049936315,8470.11486195341,0,0,1,96.2228150242008,0.537049781996757,12,1
2.6,6.4508665622254,13600.7860646343,1,1,0,26.0266081891023,0.969277777243406,3,1
4.2,3.56539543017215,7324.7776637189,0,0,1,32.6712297038175,0.803233906626701,2,0
3.4,5.63163888998956,11933.8376256913,0,1,0,94.4418319473043,0.204046824015677,12,0
2.6,6.06665661208633,12068.6316761323,1,1,0,74.5317307063378,0.400646861409768,2,1
3.6,4.43481665617766,10086.1451632058,0,0,0,36.7613955885172,0.829124875832349,7,1
4.2,4.16598283673164,9822.16562271621,0,0,0,78.557474414818,0.441127017373219,8,1
3.4,6.70992745262029,13736.2441670073,1,1,0,104.778512180317,0.395053243497387,2,1
4.4,4.33172230462373,8641.37729608919,0,0,1,97.3564966809936,0.0308886922430247,7,0
3.2,5.1062710281739,10997.401870069,0,0,1,104.558821827639,0.13586610625498,4,1
5,2.87729351480806,6187.05972767571,0,0,0,59.8223867076449,0.677184424130246,8,1
3.2,6.16526767784144,14031.3442359353,1,1,1,24.5589621523395,0.0624880669638515,12,1
5,3.09118066138001,6662.74132139344,0,0,0,96.6877878173254,0.99753821385093,8,1
3.6,4.02400481429552,8892.87930981643,0,0,0,35.8985525644384,0.113849017070606,1,1
3.4,5.16527788294004,10844.5568452704,0,0,0,66.1130782747641,0.625332500552759,4,1
3.4,5.26968983446569,10667.7430644902,0,0,1,27.5005971891806,0.025586555711925,10,0
2.6,8.4237459484993,17441.8880467558,1,0,0,52.5595515542664,0.0687424391508102,8,0
2.6,7.24855150471938,14094.6236949932,1,0,0,85.293533210177,0.188337299507111,5,0
4,4.6364914837276,10505.7603982366,0,0,1,80.6211898145266,0.800191444111988,12,1
4.8,2.10459794884781,4785.82256680156,0,0,0,26.8552594813518,0.83482421701774,10,1
4.8,2.11839208930112,5823.09001378332,0,0,1,73.0378614035435,0.724687710637227,10,1
4,3.74567544819131,8229.10566083245,0,0,0,19.8832728476264,0.280629894929007,4,1
4.8,3.14530645620058,6435.63969694025,0,0,1,76.474102425389,0.642902703024447,8,1
5,1.94349709836279,4692.35737347012,0,0,0,106.054026325699,0.95878588128835,12,1
5,2.38708823050595,4807.12764518977,0,0,0,93.8254013280384,0.537109044613317,6,1
4.4,4.83439504493662,9541.97338975368,0,0,0,93.8507257816382,0.431453318335116,9,0
4.8,2.49746105355337,5640.64522486546,0,0,1,52.870694631245,0.724118740065023,12,1
3.8,4.66726200995375,9612.87808329828,0,0,1,89.3763991906308,0.174124128883705,3,1
2.6,5.79183201036027,12084.2166965364,0,1,0,54.5576903172769,0.320324381114915,11,1
3,5.65011809354593,11837.4068491677,0,1,1,40.8014014614746,0.387977738399059,10,0
5,2.83866912675741,5882.57778042078,0,0,1,55.7373590134084,0.0544939073733985,11,1
2.8,6.31103227590141,12837.7301853936,1,1,0,62.5949579612352,0.277924564434215,6,0
3.8,4.08441768735273,8601.24606714354,0,0,1,95.2421361249872,0.7154537870083,8,0
5,2.50177694710819,6092.59739250298,0,0,0,83.9038368193433,0.328546082368121,2,0
4.8,2.93800099965203,5614.21859908917,0,0,0,105.698564145248,0.601455149007961,8,1
3.4,4.92749064202924,10651.9543778727,0,0,1,27.0049418737181,0.523920817300677,6,1
3.2,6.14591518017299,12958.3055459527,1,1,0,92.9331753328443,0.860549127915874,1,1
3.4,12.442665718239,25916.8813551162,0,0,1,58.5498760077171,0.532769263954833,12,1
3.2,5.91039986470479,12168.7077675924,0,1,0,94.5413222252391,0.111421905225143,2,1
2.6,6.81354974294041,14312.108890839,1,1,0,69.2776389322244,0.775893481913954,1,0
4,3.5579222327907,7749.39386096752,0,0,0,104.538826252799,0.0629397972952574,9,1
4.8,2.23714768414334,4703.03535279084,0,0,0,103.927566052414,0.70528526767157,2,0
3,5.08894202277031,11281.8179485322,0,0,0,43.5401558009908,0.0492558798287064,7,1
4,4.7142877663632,10508.7768405739,0,0,1,84.5645848028362,0.781316658947617,12,0
3.6,4.78228050859845,10414.6678419544,0,0,1,24.3668318116106,0.784139262512326,4,1
5,2.27144870897283,5836.31414521608,0,0,1,99.0107592120767,0.552575739799067,8,1
4.2,3.96445946938758,8708.16215155782,0,0,1,30.0078515354544,0.85510840639472,5,1
4.2,3.56576285574957,6993.22960727012,0,0,0,68.0297469925135,0.209872044855729,1,0
4.6,3.13191169728371,6477.19068744898,0,0,0,72.0367229282856,0.230055250460282,4,1
4.4,4.27199633666368,8431.68636587819,0,0,1,29.9664935069159,0.673410430550575,8,0
4.4,3.59659817342501,7456.49602863036,0,0,1,63.8381103537977,0.444783360464498,6,1
2.6,7.06404930676987,14317.9152749277,1,0,1,51.0344916810282,0.660065344534814,5,0
3,8.61549900879801,17752.0559541681,1,0,0,18.2974092657678,0.0778218938503414,3,1
3,8.98448381177996,18013.5067992837,1,0,0,22.3181874300353,0.34324827324599,3,1
4,3.89404428421056,8367.10295462315,0,0,1,97.3843605159782,0.807454800233245,10,0
4,3.57341709567559,7319.54186939178,0,0,1,92.1165336105041,0.34897535527125,12,1
4.2,4.36809983200461,10119.8432986955,0,0,0,55.1727810893208,0.0520824007689953,7,1
4.6,3.22812940557725,7314.6125491631,0,0,0,100.955989621114,0.863282800884917,2,0
4.6,2.48174279564126,5918.57270603013,0,0,0,60.9662640066817,0.556919454364106,7,1
5,2.34225509460321,5376.6028681196,0,0,1,60.7494981209747,0.909955336013809,2,0
3.8,3.43919414844366,8219.47633714702,0,0,1,77.2052460322157,0.761296632234007,10,0
3.6,3.98106318135335,8144.2581357322,0,0,1,32.6988408453763,0.545541842700914,2,0
3.8,4.07774390914957,8424.66545311886,0,0,1,26.5674934065901,0.477882002945989,6,1
5,2.69121636771788,6598.57385470658,0,0,0,95.5363313080743,0.347431353293359,3,0
5,2.35947374504469,4893.5993134342,0,0,0,39.5891252760775,0.568207804346457,7,1
4.6,3.00952872167089,6415.36707154079,0,0,0,67.9863718799315,0.950769187184051,8,1
3,6.38432852940907,13072.2530940971,1,1,0,94.4465935598128,0.261379009811208,6,0
4.4,4.81709382859394,9974.19122291362,0,0,1,49.4682822581381,0.106805441435426,8,0
5,1.49176307663582,3343.96950178336,0,0,0,105.816473571584,0.253757920349017,2,0
5,2.44535147931209,5637.7971242581,0,0,0,96.2464977144264,0.180903868051246,12,1
3.8,3.44069163207116,7292.71802300751,0,0,1,85.871164586395,0.531388920033351,12,0
3.6,4.47602082996447,9199.06292887182,0,0,1,38.1306078024209,0.802349541336298,4,1
3.2,5.33302060564312,11837.5606238714,0,0,0,87.28348188987,0.47949518612586,3,1
2.6,5.79768553220923,11988.081360145,0,1,0,96.7242225883529,0.177401563152671,10,0
3.2,6.18819324464903,12786.6082242764,1,1,0,21.9413797273301,0.397133344551548,5,1
3.8,3.62070287180568,7691.31037300457,0,0,1,35.9784636385739,0.814226992661133,8,0
5,2.30615462625929,5468.64240604427,0,0,0,94.8368122447282,0.941357076400891,8,1
2.8,6.67964782301049,13822.5134439578,1,1,1,76.7028715526685,0.173349933931604,9,0
2.8,5.61927071530695,11719.7243448804,0,1,0,96.2398817315698,0.354940799530596,9,0
3.8,4.42268139882208,9004.53255826632,0,0,0,91.227292872034,0.705040041357279,2,1
5,2.88031251745801,6098.48989879285,0,0,1,50.5302874110639,0.959240919910371,5,1
3.6,4.10666084842646,8743.40191707019,0,0,1,26.1806261418387,0.427801409969106,10,0
2.8,7.0757001776506,14356.9531121714,1,0,0,69.7189761414193,0.135915317805484,12,1
5,2.9874521763148,6740.65244894589,0,0,0,76.9257372217253,0.813741239253432,9,1
5,2.47009960656988,4681.00217224636,0,0,1,91.9984298706986,0.8068449604325,5,1
5,1.33261379223876,3318.50651487241,0,0,1,59.0017963545397,0.908110354794189,12,1
5,2.39423007019034,4520.23522861188,0,0,1,106.589600853156,0.703601886983961,4,0
3.4,5.05679293814024,10463.0978128622,0,0,1,85.5358540308662,0.458796519786119,12,0
3,5.36335322767378,10962.5665031251,0,0,1,30.0200118329376,0.0816244133748114,11,0
2.6,7.39255594338723,14959.064496434,1,0,1,37.3656161427498,0.730743972118944,2,1
2.8,6.24628786458932,12964.1273402549,1,1,1,94.3541583926417,0.932681515347213,11,1
4.2,3.7260448815417,6994.9100502434,0,0,1,59.8807066907175,0.0359482921194285,7,1
4.8,2.91276894329913,6913.82954260753,0,0,1,100.419101125561,0.107039442518726,1,0
3.8,4.7058833538337,9079.28048956139,0,0,0,100.490196449216,0.396388927707449,1,0
3.2,5.71331938970778,11694.8735786794,0,1,0,91.7869125441648,0.152283743256703,3,1
5,2.6387577558841,5219.55545924677,0,0,1,69.0211041849107,0.113112227525562,1,0
2.6,5.29930191866216,10723.1943367276,0,0,0,73.3929445124231,0.286152201937512,11,0
5,1.28908734046727,4121.75795374871,0,0,0,89.5320260915905,0.581009721849114,10,1
4.4,3.68995271771681,7888.60324528024,0,0,1,57.5726893655956,0.14162838482298,11,1
4.4,4.16356771821086,8183.98517120456,0,0,0,55.132852782961,0.4944173397962,6,1
3.2,6.21494266395687,12109.5825607044,1,1,1,68.8936756616458,0.360284397145733,11,1
5,3.20819751829098,7141.48858721829,0,0,1,31.6483048810624,0.407026430824772,11,1
5,2.83839242312803,6167.50492989873,0,0,1,90.6714760903269,0.281181986443698,10,0
3.8,3.38805713659673,7117.08008592154,0,0,0,62.6077229711227,0.425313429441303,2,0
4.6,2.51690490963421,5069.12874554156,0,0,0,30.6458264747635,0.463501589838415,11,1
3,5.70087422607141,11158.0182970721,0,1,1,27.9260351224802,0.829269654583186,7,1
3.6,4.14759313432404,8257.59012034025,0,0,0,27.9711957061663,0.359094252577052,9,0
2.6,10.0718394174771,21143.6932368111,1,0,1,18.4242851492018,0.438799045747146,3,1
3.2,6.5205123705524,13230.3913937064,1,1,0,39.456391972024,0.00725971511565149,6,0
5,2.13458702835711,4076.96063302197,0,0,0,97.0940591250546,0.968147910665721,5,1
3.6,4.40932968564832,10253.3046825084,0,0,0,24.9496791623533,0.337498082546517,9,0
4,4.59683058525356,9906.21135919334,0,0,0,30.4684704118408,0.0284441991243511,12,1
4.2,4.74453409101614,9869.74463157577,0,0,1,22.27721174201,0.356542730005458,10,0
4.4,3.5838164182621,8196.87436087871,0,0,0,21.0526986066252,0.640314553165808,3,0
3.2,6.11284260789932,13168.8965414861,1,1,1,100.448011650704,0.286633577663451,6,0
4.6,1.6799233128594,3550.22510160322,0,0,1,93.6180354533717,0.982765204971656,7,1
2.6,5.54633188621675,12695.7150047037,0,0,0,34.098427483812,0.0823013337794691,11,1
3.4,8.38243683401792,17137.3601529653,1,0,0,62.5741150598042,0.128030818421394,1,1
4.4,4.07404136690018,7935.83540869395,0,0,0,45.6262674364261,0.263550981180742,6,1
2.6,7.6450396275485,15717.8794541199,1,0,1,42.6939265681431,0.212941627483815,11,1
3.4,5.5548030741169,11713.37531785,0,0,0,29.5419469890185,0.946402829606086,6,0
5,2.2212319117422,6096.45302301409,0,0,1,56.6443721945398,0.345473791006953,5,1
4.8,1.47355703841432,3500.01526077549,0,0,1,80.6350467349403,0.405422623036429,4,0
4.8,2.71570019047196,6159.89978365562,0,0,1,48.155464662239,0.536541351582855,11,1
4.6,2.91874058192804,6298.90469617782,0,0,0,81.1121790083125,0.275828687706962,2,0
4.4,4.09826227101587,8529.52412084848,0,0,0,93.6481423275545,0.405671408865601,5,1
5,2.11143723780687,4705.5114614581,0,0,1,97.4368805992417,0.435509188333526,5,1
3.8,3.51934646561066,7932.51273403641,0,0,1,86.9930415060371,0.322054158896208,2,1
3.4,5.37014176894307,12277.9060422123,0,0,1,46.982486485038,0.00343568925745785,7,0
2.8,7.13063655573388,15274.9693308496,1,0,1,21.7905306997709,0.972969073802233,3,1
5,2.95559450729776,7015.14321378887,0,0,1,98.343893005047,0.112912589916959,3,0
4.8,1.46935449079142,2823.04727080382,0,0,0,75.429463067092,0.548572195228189,12,1
3.4,7.64840110236723,16288.7499897612,1,0,0,67.9043804593384,0.872297380352393,7,1
4.4,4.82453852916642,10259.0394601632,0,0,1,86.9696953282692,0.862594560021535,1,0
3.2,5.87893826066247,11524.2515067788,0,1,1,26.7175165023655,0.610543699702248,12,0
3.2,8.02992235026685,16820.3560718578,1,0,1,85.3214838816784,0.00147809600457549,5,1
3.6,3.77059422654297,7961.81115072793,0,0,0,96.7696188921109,0.324025955284014,7,1
4.8,2.85560975049841,6943.51315698173,0,0,1,18.6901735975407,0.870443280553445,6,1
5,3.00694569496447,6130.85039012661,0,0,1,102.142528690863,0.506834458792582,2,0
3.6,3.38299881163936,7050.89174631446,0,0,1,54.6269092261791,0.905239950865507,6,0
3.6,4.36804199261616,8773.0292365436,0,0,1,88.9887050720863,0.986314764944836,6,1
4,4.003947206674,8419.34243262973,0,0,1,105.851486206055,0.314687065547332,3,0
3.6,3.60493429065873,7910.87447106063,0,0,0,48.0062291300856,0.0128363075200468,9,0
3.6,4.0532750751548,8240.6760637498,0,0,0,88.8493338874541,0.411044480744749,8,1
4.2,4.06275695894677,9040.70050188437,0,0,1,26.0424824450165,0.774080925853923,9,0
4,4.56198345724228,9019.92552133232,0,0,0,21.9329911815003,0.952318837866187,4,1
3.4,5.17647532024007,10328.9584340763,0,0,1,64.3440364343114,0.726365774637088,2,1
3,5.83055114935024,12881.6811521226,0,1,0,22.3280394771136,0.51643915916793,8,1
4.4,3.67851532727469,7349.10692189705,0,0,1,26.02765148459,0.733954830560833,10,1
3.6,3.64355688712673,7993.10113041222,0,0,0,79.9492969382554,0.850405663717538,6,1
3.6,3.54925627000118,7407.97451444789,0,0,1,21.1354680354707,0.818386216182262,11,0
4.6,2.57266766529453,5850.03625041453,0,0,0,56.7819832004607,0.721614006441087,11,1
3.4,8.14131831152101,17627.073266144,1,0,0,86.3364646090195,0.441471767378971,2,1
4.2,4.7608726625995,10815.03954192,0,0,1,92.861725915689,0.437110368395224,12,0
3.2,5.24629087655306,10827.1278527647,0,0,0,52.4216265203431,0.835935265058652,11,0
5,2.65788811200231,4673.15845635838,0,0,0,73.3999336995184,0.385110654402524,12,1
3.2,8.89134186755392,19531.5145300249,1,0,1,49.0487985354848,0.674415432615206,5,0
5,2.20892514084788,5251.3833650785,0,0,1,65.9050896666013,0.0778185459785163,6,1
4.8,3.01402415464896,6798.71197727976,0,0,0,41.4008196252398,0.828976714517921,5,1
3.2,8.27178000958222,17036.8602575915,1,0,0,69.5574560081586,0.0162454729434103,8,0
4.6,2.463246839807,5681.54789109047,0,0,1,99.5262010577135,0.112693230854347,2,0
4.2,4.12170303674521,8661.21815760558,0,0,1,68.9419690654613,0.491024512797594,4,0
3.2,5.4559750501626,11622.2974219525,0,0,0,23.0838135997765,0.682987052714452,6,1
3.4,5.90233831797441,12104.55326396,0,1,1,27.1902370867319,0.606331759365276,9,0
4.2,4.51782177803158,8850.53961728942,0,0,1,47.5507670310326,0.897259657969698,1,1
3.8,3.75222825431604,8498.37564235952,0,0,1,107.154045651667,0.307492890860885,11,0
2.8,6.04081402429378,13341.5005613373,1,1,0,82.2928805435076,0.542465554783121,9,0
2.8,8.5150769461408,17375.7836076688,1,0,1,25.107676549349,0.735916769597679,11,0
4.6,2.96475314127902,5802.86140475419,0,0,1,73.2794804493897,0.156152101000771,10,1
4.6,2.59149083776298,6004.10232836487,0,0,1,62.391030552797,0.682451540837064,9,1
3.2,5.43940914202157,11356.4637155961,0,0,0,42.2187889362685,0.880779490340501,4,0
4.2,4.72593354655587,9085.25788969931,0,0,0,44.379977655597,0.366680132923648,9,0
4.4,4.24011728164394,8981.30049312801,0,0,0,60.7750470209867,0.0330144132021815,5,0
4.4,4.49262286323804,9170.095559512,0,0,0,104.767069164198,0.519780053058639,2,1
2.6,6.38185872956254,13093.2331691949,1,1,1,56.1268891878426,0.112714397488162,6,0
3.4,5.10264674565259,10127.0073099873,0,0,1,93.9687386197038,0.902385278139263,6,0
4.2,4.06029969742523,9522.17034880919,0,0,1,103.844461619854,0.219971668673679,7,1
2.6,9.41286949593561,19160.1729736756,1,0,0,43.7826172281057,0.62347650132142,1,1
2.8,5.24923626048699,10195.7158148474,0,0,0,66.6764458101243,0.363139717373997,3,0
4.6,1.77771407913902,4154.02487764777,0,0,0,70.3240486113355,0.788599854335189,5,1
4.4,3.99634070847048,8624.2692401437,0,0,1,41.0658204993233,0.953639274695888,6,1
3.8,4.5667407386269,9140.56812704915,0,0,0,97.0275571472012,0.686537295812741,9,0
5,2.81615528427635,4687.85023271292,0,0,0,97.4072148855776,0.0109916639048606,6,1
4,4.82737128692045,9834.50172255834,0,0,0,106.860121623147,0.957786793354899,10,0
4.8,2.01861877641197,4822.49137078418,0,0,1,27.1458811028861,0.49810330895707,4,0
3.6,3.94066722938983,8351.47282075835,0,0,0,73.6897501973435,0.540793451713398,5,1
3.2,5.3267784133753,11104.467454748,0,0,1,81.4260392887518,0.059833055594936,3,1
4.8,3.23580552461721,7252.02141354448,0,0,1,31.3729587751441,0.161126879742369,11,1
3.4,6.48884479956906,12884.4602798484,1,1,1,98.1729532470927,0.757993698818609,5,0
3.4,8.46588475332998,17980.1580287971,1,0,0,32.6403270098381,0.322599776089191,1,1
5,2.27895590429881,5055.23979445854,0,0,0,28.9679822553881,0.618448045104742,2,1
3.8,4.90272107383821,10659.0974813755,0,0,0,105.980117155239,0.593928179237992,4,1
4.2,4.07175689652638,9160.56766042149,0,0,1,74.439923888538,0.0481248337309808,5,0
5,2.83071056772338,6273.1613429044,0,0,1,19.7279487010092,0.39381199865602,1,0
3,6.79682784846841,13654.3018905038,1,1,0,92.6247730124742,0.311598118860275,2,1
4.6,2.3955135355298,5872.50934904327,0,0,0,107.89897277439,0.432680421741679,4,0
4.2,3.80159260985856,7103.10274732439,0,0,0,96.1285964604467,0.359491006471217,1,1
3.4,6.69215196894733,13611.9085678938,1,1,0,53.7219967385754,0.746932842768729,1,0
5,3.24231276194883,6856.79016931916,0,0,0,102.261760425288,0.952456215396523,11,1
3.4,9.33228217104,19081.5038236975,1,0,0,47.2295606411062,0.219007093459368,12,0
5,2.98416310184612,6978.55815808429,0,0,1,105.520280540921,0.826737035065889,11,1
3,8.77595658814049,18120.0241228324,1,0,1,68.6338608451188,0.0274756415747106,6,1
4.6,2.60970991530073,5923.00363231338,0,0,1,70.1396134025417,0.947684550657868,5,1
3.6,3.405312559749,7275.79771299155,0,0,0,92.2221318231896,0.978273666463792,10,0
4.8,1.37797593755718,3132.11970430469,0,0,1,35.8600029763766,0.813566470053047,2,0
5,2.60558336425593,6058.94213182167,0,0,0,73.7090671523474,0.668295187875628,2,0
2.6,8.15260644442729,17378.3270674625,1,0,0,38.2108153444715,0.297704186756164,8,0
5,1.86334361164736,3025.13911584878,0,0,0,20.2701357118785,0.85317975259386,11,1
4.8,2.10672239040726,4999.81455843744,0,0,0,86.085461226292,0.846250320551917,1,0
3.2,5.10563517295532,10898.6325493,0,0,0,75.4341250187717,0.377476619090885,4,0
2.6,5.40829785079482,11103.9618408116,0,0,1,23.208202174399,0.867635844741017,4,1
5,2.23367734196373,5442.86108771587,0,0,1,78.6418031919748,0.537293540546671,12,1
4.6,2.01598895690038,4337.35932294158,0,0,0,80.2390293655917,0.577537083765492,2,0
4.4,4.56395580270614,9485.74627451249,0,0,0,85.0706063741818,0.0156519564334303,3,0
3.2,5.79934477184279,12527.3944327255,0,1,1,29.1655683559366,0.911262489156798,7,0
2.8,7.78964403515142,16939.1017198631,1,0,1,31.6054608039558,0.639825749909505,12,0
4.4,4.54926763262144,9733.56271571149,0,0,0,33.9687562775798,0.554048931924626,7,0
4.4,4.06823652399015,8425.38104308649,0,0,0,18.7982520991936,0.680059362435713,8,0
5,2.85709695928366,5619.63727113752,0,0,1,75.040977885481,0.939961823867634,8,0
4.8,1.6431227157833,3620.72894212709,0,0,1,51.5475796577521,0.182285688119009,11,1
3.2,5.73413916547127,11498.3636676875,0,1,0,42.9948044121265,0.444765886291862,2,1
2.6,10.0183780716266,20407.2898516937,1,0,0,33.5257650674321,0.298281367635354,1,1
3.6,3.8746893786666,8446.56834144399,0,0,0,36.334002722986,0.451972152572125,6,1
4.6,3.3610866130202,6796.24468002847,0,0,0,37.9683793564327,0.910457347054034,5,0
3,6.6200210765198,15064.625593587,1,1,0,40.808835413307,0.774058116134256,1,1
3,6.76521739751482,14108.4406328622,1,1,0,33.308792043943,0.68062029290013,9,0
4.4,3.81647214290679,8698.04791954106,0,0,0,100.950908762868,0.62978654447943,6,0
2.8,5.99347635148739,11342.3907130547,1,1,0,49.0782112623565,0.400093509349972,5,0
3.4,7.13443421236056,15139.3690033188,1,0,0,25.6598288258538,0.0545396546367556,8,0
3.2,5.93422044647167,11710.3183127176,0,1,0,52.0036024642177,0.643974790116772,2,1
2.8,5.16043954991611,11280.7809386368,0,0,1,66.9009167603217,0.219813041388988,1,1
3.8,4.4761541977535,9651.37347323297,0,0,0,88.8309833449312,0.0890372835565358,8,0
2.8,9.8650410486828,20026.3178077307,1,0,1,46.8282174943015,0.130751208867878,4,1
5,2.44169023636937,6045.50978782737,0,0,1,93.4234666493721,0.879388509085402,5,0
4.6,2.76827728744566,5685.93874026786,0,0,0,107.862343668938,0.652040252229199,7,1
2.6,6.43583396064112,13081.360769162,1,1,0,37.2098693177104,0.0281480583362281,9,0
4.6,1.82589089865406,3651.24570679541,0,0,0,57.3566842214204,0.131063067819923,11,1
3.4,5.46062239423126,11087.1554850858,0,0,0,52.0856996644288,0.157595142023638,8,0
4.6,3.30897599260103,7590.5444618886,0,0,0,104.901903769467,0.473476128652692,6,1
5,3.2883260843562,7293.50324348499,0,0,0,75.7004852006212,0.750697880750522,9,1
4,3.4373956286323,7877.37086610313,0,0,0,90.55218004575,0.840283919125795,5,1
5,3.25213637340227,6809.2134147777,0,0,0,100.715596994385,0.875405560946092,4,0
5,2.64777265537491,5983.73045663715,0,0,0,23.276020320598,0.0110687566921115,8,0
3.6,4.66334755150019,9948.77756524362,0,0,1,60.9878570046276,0.041569180553779,4,1
5,2.13673359413112,4060.33851707098,0,0,0,80.7194509492256,0.211358914151788,6,1
4.2,4.29535691376107,9979.92847125986,0,0,1,22.020435847342,0.726182851241902,2,0
5,2.90002741194789,6367.27865436261,0,0,1,86.1168885226361,0.794119044905528,9,1
5,2.62838900323778,6139.57750605448,0,0,0,71.2506352337077,0.633692966075614,11,1
2.6,10.720044941687,22417.6582218284,0,0,0,63.9126416710205,0.149760518921539,4,0
5,2.09210818723746,4658.93352375379,0,0,0,58.7341589801945,0.485927834641188,7,1
3.4,7.0379367201239,14422.9657303643,1,0,1,20.2933769482188,0.748943127924576,5,0
3.8,4.91061062221531,10768.0580956434,0,0,1,104.565924840979,0.2656033502426,8,0
4.2,4.42553908050251,8827.42908647437,0,0,0,106.886469569989,0.758678108453751,10,0
5,3.2260307026536,7937.73009841928,0,0,0,75.0923602301627,0.196006852202117,6,0
3.6,4.74017517483478,9788.53429652538,0,0,0,56.2987212203443,0.377432000823319,9,0
5,2.28217727810886,5891.42720735521,0,0,0,41.9963314658962,0.560318920062855,2,0
5,3.12352324060412,7503.15282818355,0,0,1,25.2512539196759,0.452641472686082,12,0
5,2.39105115275518,5323.58517230332,0,0,0,47.7127407090738,0.886163087328896,4,1
5,3.18612343375167,7155.85732492908,0,0,1,98.4645092622377,0.588786631124094,6,1
3.6,3.68168266680338,7351.09109383953,0,0,0,45.6007678639144,0.0682992786169052,10,0
4,4.10737006089763,8876.24337330649,0,0,0,54.2181457062252,0.130542241036892,10,0
5,3.16471528776761,7351.23680471332,0,0,0,69.6412257752381,0.146773063344881,3,0
5,3.1832286465119,6915.9965364724,0,0,0,71.7289545941167,0.86031669517979,5,0
2.6,12.2878392620774,24848.6100695776,0,0,1,69.3015423808247,0.949276015395299,12,0
3.6,4.16134687703158,8494.80282783795,0,0,1,37.6264159167185,0.896443295525387,10,0
3,6.4733149710395,13428.6687307677,1,1,0,91.8114070007578,0.113651731051505,10,0
5,1.43369663697998,3901.97400429835,0,0,0,21.2990202773362,0.793385952012613,5,0
2.8,5.29109793539004,10840.2084056294,0,0,0,74.3024533423595,0.00431777210906148,11,0
4.2,3.61698386795699,7673.46268025027,0,0,0,57.0131044364534,0.698139909654856,11,0
4.4,3.38158680231562,6616.10360272081,0,0,1,50.1233524661511,0.506966484710574,2,0
5,3.19444365036854,7136.04371874451,0,0,1,87.6300876047462,0.269444103119895,6,1
3.2,7.3301916978522,15814.3341557615,1,0,1,33.6106843077578,0.634649808518589,11,0
4,4.13146620103226,9511.45290676592,0,0,0,62.3888075882569,0.997656602412462,4,1
2.6,9.28358292260678,19474.5172106622,1,0,0,84.347001765389,0.505074343876913,5,0
5,2.04185533911236,3648.81628312341,0,0,1,63.9900920488872,0.933232999639586,4,0
4,4.89297026178675,10526.9552756354,0,0,1,60.7578224404715,0.191208887146786,8,0
4.4,3.58302466918926,7894.11714002913,0,0,1,70.9109946498647,0.484762544510886,8,1
5,3.29976680389772,6922.83346488048,0,0,1,69.5283641405404,0.634125648066401,11,1
2.6,5.91328489959226,12411.8145346585,0,1,1,76.9425966655836,0.202303132042289,5,0
3.6,4.90542311329036,9878.82824951727,0,0,0,95.861300020013,0.429601910756901,9,0
5,3.21310510773664,7265.8256024811,0,0,1,53.7161738304421,0.670688453828916,4,0
5,3.23218363287964,6800.81675843272,0,0,1,104.410454011057,0.821587861981243,7,0
4,3.87634479327001,7468.14849396805,0,0,0,52.2789529706351,0.358691193396226,7,1
4.2,4.4727383692522,9261.75136041915,0,0,0,33.3079451993108,0.618271555984393,3,1
5,2.70258769711878,6587.39285877248,0,0,1,38.8444390702061,0.347069602226838,10,1
5,1.86542990607253,4063.71912977948,0,0,0,103.492818842176,0.755966565106064,4,0
5,2.6394691269745,6145.31327505355,0,0,0,25.5157341873273,0.565426904708147,11,1
3.8,4.13927055343558,9251.83392697005,0,0,0,35.37396143144,0.627588032977656,6,0
5,3.23350788706547,6969.21512629413,0,0,0,24.7225765669718,0.392214556923136,5,0
2.8,11.9177254059564,24159.2896591379,0,0,1,72.4514407217503,0.658381888410076,1,1
2.8,6.01526311406034,12265.6784735539,1,1,1,37.4258606736548,0.683106247335672,7,0
4.8,2.29182127065552,5453.43715409843,0,0,1,70.9188534594141,0.77632555551827,10,1
4.4,3.50696077901303,6982.19285028466,0,0,0,38.6007842905819,0.767656422685832,10,1
3.6,3.51972297788698,7662.55137754215,0,0,1,53.1832661312073,0.0110934360418469,9,0
3.6,3.45701701953732,7269.28435579248,0,0,0,49.3115322031081,0.230813289992511,10,0
5,2.60426156177406,4576.07844530415,0,0,1,100.654146223795,0.697714437264949,4,1
4.4,4.68018849750407,9155.95176697155,0,0,0,28.0835211295635,0.903948790160939,10,0
5,2.50097317760665,5959.95601960959,0,0,0,40.9478529235348,0.0889520738273859,6,0
2.8,6.03144123198963,12467.2429887117,1,1,0,34.7961662937887,0.662700216518715,4,1
3.8,3.58846368281701,8078.56897370084,0,0,0,85.0989170693792,0.641757260542363,3,1
4.6,2.86305326286856,7169.84375739143,0,0,1,101.967190403491,0.933884687488899,3,0
3.6,3.46385742697592,8164.65544450641,0,0,0,62.5240704459138,0.905703466618434,1,0
2.6,5.51885956756693,11876.3533812904,0,0,0,76.0494313105009,0.0282599737402052,9,0
5,2.68726582092433,6064.51298513203,0,0,1,33.8222328149714,0.326966211665422,6,0
3.8,3.91736342726348,8238.3276412983,0,0,0,72.2695181560703,0.866350872209296,3,1
5,1.70338707823121,4695.72005391461,0,0,1,97.8981899349019,0.209497950971127,1,0
3.4,6.07221953116573,12942.5561169907,1,1,0,62.1188463941216,0.489857292966917,10,0
4.8,2.80257386873046,5518.35926702523,0,0,1,19.6545215318911,0.465626492165029,2,0
4.2,4.89841265336046,10219.0040392758,0,0,0,34.1451713042334,0.532063555205241,9,0
3.2,5.23643823625543,10013.4215623759,0,0,1,44.9452024530619,0.943565017078072,10,0
5,1.18099760082463,2764.36577859393,0,0,0,42.9267655075528,0.536258358042687,1,0
3.8,3.59456335867605,6392.96288237911,0,0,0,23.5448481976055,0.54024756886065,10,0
4.6,3.0647504866009,7286.50205680082,0,0,0,49.9789212942123,0.638817836530507,6,1
5,2.02440964069307,4231.04778087008,0,0,1,69.9333978602663,0.559129370842129,5,0
4.4,4.75498049507665,9794.9715708062,0,0,0,66.1528402632102,0.0611279506701976,1,1
2.8,8.36050779629156,17136.3564264321,1,0,1,72.384554727003,0.29238359327428,5,0
3.6,3.84949547868936,8505.10004437329,0,0,1,61.7534080515616,0.483624843880534,5,0
4.4,3.42727193063649,7693.71394988434,0,0,0,29.8463911232539,0.298862256575376,11,1
3.4,5.31746457989027,11418.9051460164,0,0,1,104.811304385774,0.533755369950086,11,0
4.6,2.08417987885742,4382.08845575179,0,0,1,84.8215418723412,0.444380736444145,6,0
4.2,4.60017338326146,9018.70113838375,0,0,0,51.0155446194112,0.792672285577282,10,0
4.8,2.05008056230292,4405.80000243689,0,0,0,31.5742765408941,0.0559837715700269,4,0
5,3.28583816002885,7210.63338628296,0,0,1,38.4245705972426,0.365029011154547,11,0
4.8,2.27375244580837,4635.96433083073,0,0,1,85.0605128025636,0.891417951555923,1,1
5,2.83415189479823,6133.88332235722,0,0,0,22.5533140003681,0.519239958608523,8,1
3.2,6.21820790019535,12352.5846373258,1,1,0,71.4593967162073,0.368640997447073,9,0
2.6,7.43694576677745,15369.7370264471,1,0,0,31.7925583566539,0.417562691029161,5,1
5,3.24508440927838,7054.59651935547,0,0,0,86.6502652522177,0.0226960622239858,8,1
4.6,2.65954009447857,5746.14237472664,0,0,1,107.575295839459,0.590488560032099,6,0
4,4.18582985112733,8789.70422388662,0,0,0,33.659829962533,0.49303546291776,4,0
3.2,5.19305402880367,11767.8840589998,0,0,0,73.7217740337364,0.102907110704109,9,0
2.6,6.1343315808899,13149.956417989,1,1,0,66.418485657312,0.404790387256071,3,1
4,4.882283473593,10820.2824875513,0,0,1,91.6432436015457,0.0524687760043889,1,1
5,2.18034607761147,4399.08867880803,0,0,1,46.9572216477245,0.0365673368796706,6,0
5,2.1530357945215,4888.24250825699,0,0,1,70.4094243091531,0.231096146861091,1,0
4.2,3.75665220395597,8590.71700146057,0,0,0,24.383914151229,0.979802730260417,8,0
4,3.44826039067423,7368.26006908522,0,0,0,69.3579611806199,0.046293978812173,7,1
5,3.11634870570431,5668.0170872913,0,0,1,68.4609525552951,0.131950644310564,10,1
4.8,2.80345336541287,6279.32961187547,0,0,1,57.0753845544532,0.928440445568413,4,0
5,3.08689912385543,5721.32052491809,0,0,0,104.575390670914,0.0879400612320751,5,0
4.4,3.4703922222875,7035.19936800489,0,0,1,82.0144515945576,0.942585540469736,11,1
4.2,4.63436981555996,10430.7417917697,0,0,0,41.2622578809969,0.674114161171019,6,0
3,5.31313912598723,11434.0966766258,0,0,0,101.310978391673,0.00382873811759055,4,0
3.8,4.57783291471927,10201.5003072062,0,0,1,55.8730496834032,0.849251258186996,11,0
4.8,2.76588914804115,6185.08072683913,0,0,1,91.4670671029016,0.515590843511745,9,1
3.4,6.52392071465221,13492.762048063,1,1,0,85.9198542865925,0.422349815256894,7,0
2.8,6.30350756628944,12644.8587460152,1,1,0,55.0928974030539,0.859611756866798,12,0
2.8,6.62046226380929,14537.3814044782,1,1,1,64.2975148810074,0.589908806141466,6,0
4.4,3.71269621617682,7947.89773141458,0,0,0,66.8056246633641,0.0638678425457329,4,0
4,4.27602448567643,8694.48477101891,0,0,0,105.662187376991,0.135187422623858,6,0
4.6,2.15431432200991,5241.24019387839,0,0,0,24.6274159401655,0.411114768125117,12,1
4,3.69733074914125,8431.88197742146,0,0,1,87.2553424788639,0.830281275790185,6,0
3.6,3.68538378041328,8818.59494792585,0,0,0,96.5299418284558,0.387132702860981,6,0
4.4,4.18929570689216,8577.09276198177,0,0,1,107.087902607862,0.622795259347185,4,0
5,3.00388378188989,6312.33365341822,0,0,1,104.86328796437,0.6052724448964,3,1
5,3.35127886782314,6994.44671988118,0,0,1,75.2779186768457,0.540227035991848,3,0
5,2.60944341968959,5531.05812796899,0,0,1,23.8850364550017,0.584369491320103,10,1
2.8,6.22601586103657,12768.716249222,1,1,0,29.5573279489763,0.772804728941992,8,0
3.6,4.82552667279997,10003.2146192495,0,0,1,62.3506302405149,0.698219556594267,2,0
4.6,2.71602564449497,6652.96149408987,0,0,0,77.69203742221,0.841093179536983,5,0
5,2.57572038879073,5302.67163162494,0,0,1,35.0440842350945,0.977512172423303,2,0
4.4,4.86172121868631,10029.3586844119,0,0,1,33.9838553960435,0.231927045853809,7,0
2.8,5.16777772204132,11161.8236701684,0,0,0,28.4004293004982,0.857306067366153,5,0
3.8,4.19617573712836,9454.73769752428,0,0,1,32.1257160203531,0.684704520739615,11,0
3.2,6.1247120663061,12363.3687311002,1,1,1,95.166976458393,0.300191494869068,8,0
5,2.09530546149463,4436.56781492012,0,0,1,56.2374478527345,0.161221431568265,9,1
5,2.30890558933851,5379.62147392602,0,0,0,97.0507503971457,0.767234371043742,8,1
5,1.91281223695383,4834.50158717664,0,0,0,92.2343907547183,0.987111633410677,5,1
5,2.90209901839263,6178.61574274126,0,0,0,106.093765515368,0.858097431482747,9,0
5,2.16577592755285,4116.5551314114,0,0,1,75.108871426899,0.676069807494059,5,0
5,1.45577151751801,4266.10355108647,0,0,1,80.2370948432945,0.811714572599158,1,0
4.2,3.68775894172673,8593.05266960928,0,0,0,89.2965005426668,0.485714763170108,3,1
5,3.04929930389185,6243.41303485877,0,0,1,21.0753580969758,0.460572879295796,9,1
3.2,5.75992642529941,11987.319063771,0,1,1,91.7994312937371,0.311910333810374,5,1
2.8,7.14510680096851,13910.4792342541,1,0,0,79.8872546358034,0.0205816389061511,2,0
5,2.58117383367728,5947.20915326411,0,0,0,56.859920273535,0.412714944686741,12,0
5,2.76221753191512,6830.60846293114,0,0,0,39.9488208205439,0.979999884497374,2,0
4.4,4.19456566480236,8070.49100605237,0,0,0,18.7332932716236,0.135402775136754,10,0
2.8,8.15996094057083,16430.1376245408,1,0,1,55.8995529050007,0.730675936909392,6,1
4,4.16821290428495,8515.83734169462,0,0,1,88.8261217153631,0.525304057169706,4,0
4.4,3.47806244450989,7115.55919223421,0,0,1,71.6032910482027,0.961599416332319,4,0
5,1,1483.35720219103,0,0,1,106.646675285418,0.720230341888964,1,0
3.2,5.17401301287687,11098.5078053777,0,0,0,65.5239110318944,0.910616386216134,6,0
2.8,7.22094171163309,14175.9843532833,1,0,0,65.0950575987808,0.303850163239986,12,0
5,2.3180916834294,5123.68454721966,0,0,1,88.7800324377604,0.628667964134365,5,1
3.4,6.69544980481065,14187.3919701339,1,1,0,25.8950168355368,0.208237442653626,6,0
2.8,5.11183940804975,10624.5811053572,0,0,1,41.050078258384,0.850498702842742,1,1
4.4,4.41658677934309,9779.17775492295,0,0,1,50.0943708205596,0.0516226533800364,3,1
4.4,3.72335450592474,7933.8514763904,0,0,0,40.4149912199937,0.763275923440233,4,1
4,3.80262415682991,7781.41808836698,0,0,0,33.7516638957895,0.715289933141321,5,1
3.8,3.98023829665693,8783.65630083118,0,0,1,69.562987267971,0.767757193185389,7,1
4.2,4.13969367460942,8562.47097920404,0,0,0,61.5053833457641,0.63072845665738,10,0
4.6,1.88082183201563,5147.94925652051,0,0,0,90.8954072250053,0.816523539600894,11,1
3,5.08219986609946,10655.2698766174,0,0,1,85.5463710562326,0.416317786788568,2,1
4.2,3.67564891747668,8277.70533175362,0,0,1,49.2699417863041,0.937721627065912,12,0
3.2,10.7806257034106,22163.8328584433,0,0,0,90.6187035860494,0.290783272590488,3,1
2.8,5.45153484289982,9899.04538633941,0,0,0,40.6587805291638,0.114016148028895,10,0
5,3.30631964926692,6429.58333286935,0,0,0,71.3667198568583,0.601935896556824,6,1
5,2.47422590327307,5236.40067647373,0,0,1,32.0594160044566,0.0253674585837871,3,0
2.6,10.4248111800097,21468.0241918921,0,0,0,33.7643686397932,0.0845331076998264,12,0
5,2.91400638123674,5156.65120229399,0,0,0,38.3739570826292,0.333610649453476,10,1
4.4,4.69378801353091,10368.4243437522,0,0,1,89.2766926805489,0.0704086690675467,1,1
2.6,5.7953192278088,11788.4255886904,0,1,0,52.9538831762038,0.705079847713932,5,0
5,3.23271417522459,6588.98971076772,0,0,0,100.009982925374,0.0741995039861649,8,0
3,8.07530604304632,15872.8062898205,1,0,0,28.966234607622,0.325013779336587,3,1
4.8,3.0010571197837,5775.16737056686,0,0,0,106.905164126772,0.358941920800135,5,1
5,3.36000276881597,7248.17145565914,0,0,1,85.9759128531441,0.388332616537809,11,1
3.2,13.3926490749005,27539.9828531379,0,0,1,45.9698250512592,0.785443371161819,12,0
4,4.79182472928355,9034.70797867495,0,0,1,19.787882221397,0.60434823972173,11,0
3.2,7.01460867626735,14027.03636281,1,0,1,79.4054755191319,0.762589753139764,11,0
3.6,4.66294168125156,10093.7692236294,0,0,0,57.4862460019067,0.235860442742705,7,0
4.2,4.21380756871218,8701.0965950994,0,0,0,97.5330634829588,0.285984676796943,7,1
4.6,3.04173721996415,7666.15869083692,0,0,0,24.6819407022558,0.317556669004261,10,1
3,6.85179955609313,14826.4724485603,1,0,0,58.8302600355819,0.921906708274037,11,0
3,5.22918308271732,11256.1151824694,0,0,0,97.92326435633,0.450436822371557,3,1
5,3.3234907877694,7149.4238003079,0,0,0,81.0143317510374,0.125947901280597,2,0
4.4,3.89936443281245,8438.40925665252,0,0,1,45.4154050089419,0.143986092181876,8,1
2.6,7.95989109615223,16066.8291296707,1,0,1,70.6401722151786,0.311070655006915,12,0
4.6,2.50823175688044,5830.47209023951,0,0,0,96.3408393035643,0.975288923131302,3,1
2.8,8.62971933546606,18499.545650975,1,0,0,58.1871203351766,0.231763273710385,2,1
3,7.42848026161369,15898.675478269,1,0,1,48.3635735716671,0.0382028366439044,6,0
5,2.96359188072884,6020.56163312563,0,0,0,69.0217747790739,0.563256986206397,8,1
2.6,5.82274714964301,11336.0558746742,0,1,1,55.4188483483158,0.818462958559394,11,0
4,4.19687489105458,8838.92193236503,0,0,1,92.9394598323852,0.0399563447572291,2,1
4,3.89488916771657,8510.22302089162,0,0,0,31.8336829282343,0.0301193404011428,10,1
3.8,3.58232679764444,8340.15058519318,0,0,0,77.2784138862044,0.88195783784613,8,0
3.4,5.28099188852787,10402.679034789,0,0,0,18.0924137094989,0.096223073778674,10,0
2.6,6.62581831574436,13933.8289277924,1,1,1,46.8405835675076,0.886290009133518,10,0
4.8,3.15819157087178,6933.13305928782,0,0,0,103.511959253345,0.879959146259353,2,0
2.8,5.03297269416808,11162.9230189657,0,0,0,19.1297258595005,0.835876102093607,4,0
3.8,3.7398752457675,7965.79550547021,0,0,1,25.1181688900106,0.557243729010224,9,0
3,7.67764534846387,15676.6412696756,1,0,1,37.1959533467889,0.467326634097844,9,0
5,3.19096932232783,6308.53157659647,0,0,0,107.53589330893,0.764113968936726,9,0
5,2.08865494312374,4418.59964445068,0,0,1,62.2835628823377,0.876213284675032,3,0
5,1.52392888227157,3366.795878254,0,0,1,74.4870706270449,0.701952431350946,2,0
3,5.93193695891856,13539.1510807317,0,1,1,18.5365201528184,0.68679866543971,5,0
4.8,1.99150489077985,5706.27546940968,0,0,1,43.7268598861992,0.636870401678607,12,1
4.6,2.3060687814682,5028.78592319427,0,0,0,106.783237547614,0.831182508030906,12,1
5,2.34825229458818,4674.67086964542,0,0,0,86.1923092436045,0.36510155024007,8,0
5,2.49665955531517,4506.851643593,0,0,1,24.1447491799481,0.570556978695095,7,0
4.2,3.47181783845303,7700.97149362507,0,0,0,90.968758076895,0.63015224202536,10,1
4.6,3.29055317212801,6535.81955238859,0,0,0,29.0584266367368,0.614952600328252,6,0
2.8,6.24563407946985,14133.5978217119,1,1,1,54.8926524580456,0.0368189697619528,4,1
3.6,4.48963779396317,9036.46680159736,0,0,0,101.478928073309,0.017285815672949,12,0
4.6,1.91115288548404,4377.85898584093,0,0,0,67.8787415376864,0.0680118638556451,6,1
4.4,3.46225879875318,9329.6559378617,0,0,0,19.2839952902868,0.295271991519257,5,1
3,7.63810033329894,15221.7456676263,1,0,0,105.062875307165,0.126704038120806,6,0
4.8,2.47812249253367,5610.02829727807,0,0,0,87.305897927843,0.844714725157246,3,0
4.4,3.547534422868,7041.62160962342,0,0,1,25.195717189461,0.582892629085109,1,0
4.8,2.82287044070899,6319.56770582896,0,0,1,50.8877863520756,0.540331788593903,7,1
4.4,4.18167195496719,8426.71164240336,0,0,0,61.2383890729398,0.564409879501909,12,1
4.4,4.75099659905443,10040.6447594773,0,0,1,78.8184622786939,0.111477636964992,1,0
4.6,1.50850007606843,3368.56583105854,0,0,1,88.7802525674924,0.503265196457505,1,0
5,2.87269965011757,5653.77818001881,0,0,1,90.9052251577377,0.168936400907114,1,0
3.2,7.79056448761244,16086.7753194368,1,0,1,25.0809753262438,0.330436418298632,2,0
3.4,5.05374354540045,11103.2876088306,0,0,0,33.2022996917367,0.289174646837637,10,0
4.4,4.64652414432242,10590.0320155967,0,0,1,21.3059514616616,0.871861712308601,10,0
4.6,2.86756825165614,5548.7808678477,0,0,0,39.612807798665,0.983075922355056,12,0
2.6,4.9346710698614,10244.5366732016,0,0,1,100.097566374578,0.44973988016136,11,0
3.6,4.15335869271234,9386.42964885245,0,0,1,18.1227131788619,0.428737231297418,11,0
2.8,6.81768473241831,13578.2582909148,1,1,1,38.4570403299294,0.298711734823883,8,0
5,1.31623916589281,1868.22798736043,0,0,1,33.1436638575979,0.259549331618473,1,0
4.6,1.63275508111516,3297.55888297367,0,0,0,31.4786263480783,0.793350585969165,2,0
5,3.16449731416773,6345.37489936769,0,0,0,76.3287445083261,0.0181931650731713,2,0
3.4,8.8912065045862,18306.1573053363,1,0,1,61.7015294353478,0.0345779112540185,10,0
4.2,3.71088987730965,7719.91135787028,0,0,1,80.3919887468219,0.0285940209869295,8,0
4.6,2.91462843759468,6445.00493931168,0,0,0,44.0702510992996,0.568425016012043,12,1
4.4,3.9759249595212,8240.66371507903,0,0,1,106.080449374393,0.88919350062497,5,0
4,4.01738095073293,8721.82109881351,0,0,1,43.931369648315,0.554856961360201,6,1
2.6,6.25815848304428,12833.3140785901,1,1,0,65.3188069090247,0.197323454776779,9,0
2.6,6.25872863229659,13612.5079878537,1,1,1,25.00400426751,0.792430558009073,5,0
5,1.80074930739279,3732.83485215697,0,0,1,79.0698451730423,0.947512933518738,4,0
4.4,4.12209772137423,8889.52876546809,0,0,1,34.3754744874313,0.0712402206845582,6,1
2.8,5.6276335023144,11312.8422204866,0,1,0,65.6824009604752,0.371038995217532,5,0
5,2.9822724937358,6568.54822690702,0,0,0,90.1510946005583,0.669765127124265,5,0
3.2,7.78925615553427,16054.6472248293,1,0,0,46.1868476327509,0.00999835669063032,4,1
5,2.83036245658263,5318.46459009597,0,0,1,80.2146070562303,0.749893881380558,12,1
5,2.34989985313028,5127.68642795108,0,0,1,87.5740070356987,0.985846241936088,9,0
3.8,4.45294037807339,9995.98758889811,0,0,1,41.5614269273356,0.273909657727927,11,0
5,2.59734537471343,6035.39071102661,0,0,1,79.0884137707762,0.139519652351737,5,0
4.8,1.93776557379304,4447.15496302986,0,0,1,107.292896634433,0.976404243381694,9,1
3,10.0641491123225,20032.1400027885,1,0,1,67.6338767884299,0.306301631964743,3,1
5,1.7093843056512,4503.38293769694,0,0,0,101.761602623854,0.56942411349155,10,1
2.8,7.79437860020384,16128.3580548804,1,0,0,36.6663910327479,0.538207527250051,9,0
3.8,3.38899481679266,7052.10275720097,0,0,0,38.6963135534897,0.96145927417092,5,0
2.8,6.46500278693799,14251.0196802764,1,1,0,61.5587930423208,0.452176122227684,4,0
2.8,5.36742392678498,10850.0516927702,0,0,0,59.4953454444185,0.378670980222523,11,0
4.4,4.62556634073072,9902.81316184036,0,0,0,88.4449221258983,0.0644230844918638,9,0
4.2,3.74746684255533,8635.80239570241,0,0,0,18.0544739468023,0.67102567339316,9,1
5,3.16428217372918,7129.67574504358,0,0,0,85.5561042060144,0.0654471057932824,7,0
4.2,3.37961774085453,7105.72434944064,0,0,1,92.7659193794243,0.201968907378614,3,0
4.4,4.64744456617234,9585.68008063337,0,0,0,46.3204112690873,0.918583245016634,7,1
5,1.48121272862236,3639.99322226775,0,0,1,82.0829844027758,0.95688528008759,9,1
4.4,4.32617838751753,9409.09733233483,0,0,1,40.6540394313633,0.239341633627191,12,0
4,4.30781079519728,9124.92529055894,0,0,0,45.8412748407573,0.406939328880981,8,0
3.8,4.76087813050005,10680.9807471284,0,0,0,80.6359362434596,0.79614728805609,10,0
5,1.71751068586226,3902.10537180545,0,0,0,56.0786082311533,0.880628596292809,10,1
4.6,2.62491480959683,5399.68158003481,0,0,1,94.7601191718131,0.956159168621525,4,1
2.8,8.75273473683674,18274.1325394342,1,0,0,66.0959924985655,0.627194220898673,11,0
4.2,3.73751149824439,6874.13183531181,0,0,1,67.3359764688648,0.217940802918747,1,0
4.4,3.61462175619559,7925.23038429038,0,0,1,94.0989580652677,0.525597776286304,12,1
3.2,5.50727773670116,11763.0359496142,0,0,1,51.9326171949506,0.239814594388008,1,1
3.8,4.00866302159434,8404.88868547373,0,0,1,32.9439310678281,0.940649811178446,4,1
3.8,4.76933707042849,9480.10255819104,0,0,0,35.0323225809261,0.0231360632460564,11,0
4.6,2.55316251471478,5408.82772777262,0,0,1,95.1181034459732,0.634712329600006,10,0
3,4.96169230318414,11198.2997774864,0,0,1,48.37529111607,0.97127534286119,1,1
4.6,2.28448608910952,4697.21493831971,0,0,0,87.7525411541574,0.107324536889791,12,1
5,2.54551413963608,4425.17222040738,0,0,0,24.2163181859069,0.224762569880113,9,1
3.4,4.96830635825274,10842.7354376101,0,0,0,39.685433909297,0.146222741808742,9,0
2.8,5.90125800603199,12051.8606834633,0,1,1,39.8521654070355,0.352731726365164,7,1
3.2,5.84903210456679,11942.6209261574,0,1,1,52.8401690181345,0.333441155962646,10,0
2.6,7.24596856507225,14384.255109567,1,0,1,96.4624518966302,0.086290895473212,8,0
4.2,4.29175418391831,9072.229053663,0,0,0,105.047734363005,0.971149060176685,3,1
2.6,5.19668025553882,11243.9801612925,0,0,0,96.0224643833935,0.770943657960743,10,0
3.6,4.29474260123481,8795.74418967472,0,0,1,57.3943771370687,0.0301099128555506,11,0
5,2.90428701017179,6005.21004963419,0,0,1,35.2744012903422,0.946407520910725,5,0
3.2,5.38057139007618,11809.4628876525,0,0,1,25.4064964056015,0.471443838207051,9,1
3.4,6.23249530148366,12841.2357644272,1,1,0,70.5106473779306,0.589938755845651,12,0
4,4.11499093262913,8650.03100859663,0,0,1,24.33253459353,0.987220240058377,11,0
3.8,4.42918198784708,9045.47485032662,0,0,0,65.4896390223876,0.344388371799141,7,0
3.8,3.69915516032925,8348.52763845863,0,0,1,60.5059456843883,0.66187479509972,2,1
5,2.28953392246542,4581.97103029773,0,0,0,22.3372233607806,0.0475011996459216,9,0
3.6,4.081899078793,9088.42335052617,0,0,0,71.508672688622,0.880997015628964,3,0
2.6,5.71535720283026,12333.5655501487,0,1,0,89.2144093564712,0.931980005465448,11,0
4.2,4.38281772360763,9031.83497921965,0,0,0,71.8981815311126,0.954913745401427,4,1
5,2.21022105360873,5344.65226407913,0,0,1,20.5124336290173,0.755370357073843,12,1
3.6,4.67755525625736,10348.4954443127,0,0,1,53.6153968675062,0.828554753214121,10,0
4.2,3.98404639931922,8755.90294289813,0,0,1,27.561956806574,0.483656921889633,3,1
3.4,5.11842767082852,11749.2763643661,0,0,0,20.1700249216519,0.725421863608062,7,0
5,2.69831516452089,4915.45373342925,0,0,1,93.6807991024107,0.885771847562864,5,1
3.2,7.97051580033488,15858.571135351,1,0,1,47.3759933277033,0.0624301570933312,12,0
3,6.23573975116471,12283.219895464,1,1,0,44.486788247712,0.902944783912972,7,1
2.6,7.09073035540586,14765.3006780466,1,0,1,92.0608181781135,0.0282520765904337,1,1
4.2,3.56655127845285,8425.41709648556,0,0,1,55.2912682173774,0.321962855290622,2,0
3.2,6.27380885777322,13886.5621920346,1,1,0,18.9154100669548,0.128149377647787,8,1
5,2.85587967757948,6455.90770435643,0,0,1,22.7167549724691,0.110141913872212,2,0
3.6,4.33250201591755,9604.34066311526,0,0,0,83.7333343243226,0.513342239893973,12,0
4.8,1.99167322571185,4410.90901440876,0,0,0,24.6055452288128,0.832293160958216,11,1
4.6,2.87594054919318,6486.36697842347,0,0,1,24.3320963876322,0.445708966813982,6,0
5,1.86518923400802,4418.49620658079,0,0,1,75.3454770469107,0.755911491811275,5,1
4.2,3.51316572466848,7145.81131180872,0,0,1,55.1975283860229,0.899729524739087,5,1
4.6,3.23147370613007,6816.29994538471,0,0,1,56.7646047701128,0.308047227328643,4,0
3.8,4.03069530206754,8493.96997193132,0,0,0,25.2221733466722,0.556854023132473,2,0
2.6,5.32083571938767,11838.5943468619,0,0,1,42.9405010789633,0.999194678850472,10,1
3.6,4.56261528807548,9106.73623130181,0,0,1,89.4663917035796,0.202094245236367,3,1
3.6,4.29413120825548,8031.09484260913,0,0,1,26.1987719144672,0.00539996149018407,1,0
4,4.34310013305059,9570.33937520338,0,0,1,42.9013959802687,0.30408637248911,4,1
2.6,10.6171715155515,21326.2627207263,0,0,0,30.2629912407137,0.496753414859995,10,0
3,9.19981739813446,18681.5813346886,1,0,0,77.712848556228,0.0283771625254303,7,0
3.8,4.06272539174186,9077.80329912512,0,0,0,106.121702021454,0.872602669754997,12,0
5,2.75730090381039,5633.05867534662,0,0,0,37.0630200924352,0.934078645659611,7,1
4.8,1.73864065319669,3806.74781657447,0,0,1,51.4824285912327,0.930875941179693,3,0
3,4.99771898481767,11246.6502367526,0,0,1,28.6528244982474,0.0465287743136287,10,0
4.2,3.79479461697519,8353.74309010859,0,0,0,88.2482532570139,0.835429355502129,11,1
3.6,3.52927277433783,7829.6412264078,0,0,1,23.9020392294042,0.835889535723254,3,0
2.8,5.94838285011341,12328.4290223679,0,1,1,88.5397583101876,0.558966832933947,11,0
4,3.54957974557114,7030.79256449092,0,0,1,29.1466990783811,0.881150518311188,8,1
5,3.15573582953741,6063.15808189692,0,0,0,87.960750520695,0.784917331300676,9,0
4.4,3.96256269934597,8313.43257691364,0,0,0,50.5214165495709,0.904405734501779,7,1
4.8,1.91848831966977,5337.83625322597,0,0,1,73.433700971771,0.711434805998579,6,1
3.6,4.05752133222068,8725.89457254817,0,0,0,100.533845629077,0.575503982836381,10,1
2.8,8.77716440269,18136.5152600032,1,0,1,27.4698089919984,0.48907258710824,10,0
4.2,4.37784115684614,9421.99411811728,0,0,0,82.3991214595735,0.204282114747912,2,0
2.6,4.97398407853742,10255.3641575291,0,0,1,32.0729899937287,0.190222956705838,9,0
4.8,3.08612635637736,5972.87569947578,0,0,1,41.5418149083853,0.838384618517011,10,0
2.8,4.91690940845376,11671.6892148334,0,0,1,87.6412230888382,0.88805390545167,2,1
3.4,7.39066545128779,15069.4878582346,1,0,0,71.5283163492568,0.567778263706714,4,1
4.2,3.86903031732847,8088.75987869041,0,0,0,26.5839045024477,0.362700476078317,7,1
2.8,6.63431039601325,12872.4499286,1,1,0,32.2621140391566,0.231114051071927,2,1
3.4,5.87336042786306,12122.7167431921,0,1,1,81.0981643404812,0.384228762472048,2,0
4.6,2.64017265828855,5656.6933573898,0,0,0,42.2264453647658,0.572439994895831,9,1
3.8,3.61899014842649,7610.22510758981,0,0,1,44.7147057317197,0.599919136846438,9,0
3.4,5.57698859823294,10760.5081464196,0,0,0,68.6398763065226,0.794454609276727,7,1
2.6,8.48509111373975,18362.5136354919,1,0,1,49.0658861137927,0.504586929921061,12,0
3.4,5.39949393670462,12180.7810472822,0,0,0,107.672697975766,0.54015195555985,11,0
4,4.36340224670138,9571.60460436982,0,0,0,37.3400665302761,0.0240896218456328,4,0
5,1.97210187439106,3893.83342657017,0,0,1,71.1672477861866,0.777229169383645,7,0
3,5.15649619299077,11170.2470644304,0,0,0,54.8091942672618,0.334934893762693,4,0
5,3.16094639261498,6698.65762676295,0,0,1,66.5936034796759,0.468478092225268,9,1
4,4.74888804226477,9837.88300156594,0,0,0,90.8826189762913,0.729831201722845,9,1
3,8.94727710546626,19075.8763574099,1,0,1,18.9587828954682,0.744718985864893,9,0
5,3.11004386487501,6106.14643475867,0,0,1,78.7490600575693,0.890803800430149,9,1
3.4,5.91491567347341,12074.2217305716,0,1,0,97.2163398605771,0.300632366910577,9,0
3.4,5.67620154433668,11486.8055891409,0,1,0,54.7279889225028,0.101898519555107,1,1
3.4,6.34230909849031,13194.494200419,1,1,1,98.4646921134554,0.190689533017576,11,0
4.4,4.11505372831629,7943.67549927759,0,0,0,90.7066182461567,0.257666680263355,12,1
4,4.69036330271918,9529.05997052421,0,0,0,22.7041580406949,0.272624538047239,4,1
2.6,5.09615550653164,11050.2770575171,0,0,0,103.602552245837,0.00727951503358781,9,1
4,4.60914652483069,9950.90050287293,0,0,0,62.9046316486783,0.91790635837242,10,1
4,3.57002656217605,7153.10197114996,0,0,1,62.7713265311904,0.84050816623494,5,0
3.2,5.35419871789846,11488.0063010311,0,0,1,36.1099809380248,0.377059336286038,1,1
4.2,3.85888064056491,7001.44140842698,0,0,1,79.289758735802,0.502039992250502,11,0
5,3.1496384703467,6629.03447734232,0,0,0,67.257376533933,0.332168674794957,9,1
5,2.61671225098036,6089.94109938583,0,0,1,72.8619966278784,0.785535226110369,4,0
4,3.59048290128253,7351.4471093205,0,0,0,45.7364696818404,0.781624939991161,4,1
3.4,5.70908808782858,11899.9748643739,0,1,1,32.7655048244633,0.286652230657637,3,1
2.8,8.2018853405515,16107.1275303396,1,0,0,94.2659753649496,0.387615817133337,11,0
4.4,3.53525172700144,7994.39985262676,0,0,0,33.9363652509637,0.584658698644489,8,1
4.2,4.14977504989578,7874.35567546126,0,0,1,70.7589653246105,0.994150223443285,5,0
3.8,3.57037865342098,7478.93199099681,0,0,1,105.530089463107,0.835735885892063,6,1
3.8,3.5915076844274,7555.39131260321,0,0,1,66.0689382506534,0.726855342742056,8,1
4.8,2.12490528625882,4780.27118617101,0,0,1,90.9824629076757,0.407429949846119,6,0
4.8,1.84969121840709,3787.63662230475,0,0,1,76.5815860005096,0.95852635265328,5,0
5,3.160833805213,7736.53285284401,0,0,0,87.3882996425964,0.80196490092203,10,1
2.8,7.7103005339772,15205.6429600637,1,0,0,21.1102483766153,0.704851950518787,11,0
4.4,4.28473258540693,9196.53374231616,0,0,1,68.2794253011234,0.743434723000973,6,1
2.8,6.20252317413209,11435.1595005962,1,1,0,28.807863031514,0.0411616840865463,10,0
3.4,6.43209999496891,13365.4078944096,1,1,0,79.7669665301219,0.0558531857095659,4,1
4.8,2.54211566054588,5839.06410672273,0,0,1,100.271309501957,0.896790414117277,10,1
4.4,3.71290110863324,7383.44221670951,0,0,1,68.4314784309827,0.621500158915296,10,0
4.4,3.77116878232934,8394.75405309747,0,0,1,69.8018440366723,0.71561091253534,1,1
3.6,4.62750749962645,9920.50317425002,0,0,0,64.5075139515102,0.00645972532220185,8,0
4.6,1.97300251137886,4934.1687592459,0,0,1,77.2243724036962,0.150810371153057,12,1
3.4,6.48099934950816,13040.328758817,1,1,0,70.9556922172196,0.390337652293965,4,1
4.8,2.77859423613625,5571.89851984105,0,0,1,25.1932121948339,0.714161876123399,11,1
5,2.33490376883761,4284.04186335375,0,0,0,32.052262804471,0.290325599722564,2,0
4.6,3.285958356211,6910.68154159902,0,0,1,106.657323068473,0.837331550894305,3,0
3.6,3.44449165405512,6719.582936933,0,0,1,107.264681765344,0.809496423229575,7,1
4.6,3.00869114245876,6861.46029899054,0,0,0,44.528057155665,0.181867694249377,4,0
3.4,5.98110225340174,12497.8448329288,1,1,0,88.9841218055226,0.615423773881048,9,0
2.8,7.70430190690593,17003.4799934515,1,0,1,79.8147958698682,0.098172070691362,2,1
3.4,5.50804456879279,10937.2353379348,0,0,1,54.0743997129612,0.27517956495285,8,1
5,1.67973732329351,4450.31867863319,0,0,1,53.7157022436149,0.780145775992423,5,0
4.2,3.66575365107516,7567.82312134623,0,0,1,97.8672546562739,0.437542198225856,9,0
3,8.98756165854136,17746.8093114273,1,0,1,91.9870285964571,0.221972281346098,5,1
5,2.86454675352479,6515.57719229616,0,0,1,41.872053574305,0.573065859032795,12,1
3.4,5.59251597375049,10968.3430951649,0,1,0,34.3053786638193,0.780486597446725,2,1
2.8,5.45794056614983,10888.2886230364,0,0,0,104.082666066941,0.155522431246936,2,1
4.2,3.73362554641562,7600.69515412026,0,0,0,93.3659857995808,0.847129767062142,2,1
4.4,4.23206934615491,9069.59232443547,0,0,0,49.1987368692644,0.248301811050624,7,0
5,3.11081599727559,6222.17163102067,0,0,0,93.787779763341,0.802099082618952,11,0
2.8,8.28327759813618,17605.4803578752,1,0,1,18.9117164555937,0.10699037485756,11,0
2.6,5.08806980902752,10076.6524268011,0,0,1,37.3087731557898,0.579044283600524,12,0
3.4,6.84302649253683,14294.371502666,1,0,0,100.236148130614,0.0623896184843034,4,1
5,1.65706584511099,3885.67520511644,0,0,1,22.3789810594171,0.0907182868104428,12,1
4.2,4.39364940564726,8754.42376576803,0,0,1,96.4107849863358,0.299951496301219,7,0
3,5.72060146068984,11726.8912160288,0,1,1,77.0209205425344,0.640830152668059,3,0
3.6,3.63738983919847,7446.68994001127,0,0,0,37.7434690478258,0.492609065724537,8,1
2.8,5.48534437348522,11950.3859103992,0,0,0,18.8493429003283,0.555314179975539,12,0
3.2,6.54823379054078,14374.4938991327,1,1,0,25.1293045836501,0.0584233943372965,11,0
3.8,3.68568789871872,7350.97758054331,0,0,1,87.0705766458996,0.342911960789934,11,1
3.8,4.60458635275979,10174.4589097897,0,0,0,20.9959070426412,0.680054666940123,2,0
4.8,2.9063154420869,6274.90791866771,0,0,1,87.7456857841462,0.43438574927859,10,1
3.2,5.65448686781714,10825.3760611088,0,1,1,53.4563667043112,0.252121420809999,12,0
3.2,5.25404118700241,10630.1305526822,0,0,1,88.6335532735102,0.14642827026546,10,0
3.8,3.97065723313524,8671.88904652385,0,0,0,20.9999066144228,0.622130993520841,5,1
2.6,5.71216364349916,11996.8806025223,0,1,1,50.9536420223303,0.579677405068651,9,0
3,10.3401012677478,19959.046874955,0,0,1,36.6919595883228,0.556677608285099,12,0
3.4,7.86015728929523,16510.4739213162,1,0,0,104.932128388435,0.02434884570539,4,1
2.6,9.10268938101271,19032.9047612688,1,0,1,68.8469406631775,0.354189245030284,3,1
3.6,3.43737188720474,7222.48935577976,0,0,0,57.7004356677644,0.377888964023441,12,1
5,2.1244663615414,4395.14860677416,0,0,1,90.3481304920278,0.0258919151965529,12,1
4.6,2.50286400351939,6491.51401427789,0,0,1,32.906994975172,0.676427339902148,8,1
5,2.58871021465936,5632.42108899485,0,0,1,36.5506706032902,0.0550569642800838,5,1
3.2,6.18482004189707,12862.6314578282,1,1,1,49.3728009816259,0.0432647177949548,4,1
4,4.17750639678184,8293.28432500861,0,0,1,58.5733416904695,0.00553221069276333,1,0
4.8,3.1333985364782,6094.7320112683,0,0,0,27.2859059502371,0.206780816894025,1,0
4.8,3.2952835408594,6328.98919618775,0,0,0,72.0556615660898,0.913408516673371,8,0
2.6,6.30486806648112,12898.7520277711,1,1,1,27.0520117082633,0.341096192831174,1,0
4.8,3.34219517986527,7864.85259177104,0,0,1,104.14674982382,0.359174565644935,4,1
5,1.43212153319873,4241.1404890649,0,0,1,70.287699545268,0.866259583970532,9,0
3.2,6.78399678158551,14852.1759303474,1,1,1,33.2004942088388,0.973590466193855,9,0
3.2,6.31653027677357,13781.438338521,1,1,0,64.6714019933715,0.980258395429701,9,0
2.8,4.95054073081824,10282.2833359147,0,0,0,22.8890555743128,0.0727123722899705,3,0
3.8,4.16068381450173,8209.29256116311,0,0,1,34.3687164941803,0.461705907247961,2,1
3.2,5.79939751903552,11934.888698001,0,1,0,20.9227023292333,0.930817308370024,3,1
3.2,5.05503807872259,9403.85101930906,0,0,0,55.2103564278223,0.130190584808588,6,1
4.6,2.08000860012751,4503.12076353333,0,0,0,81.9724258426577,0.859063123119995,3,0
4,4.01887941938946,9367.69819110178,0,0,0,57.4464795081876,0.520018735202029,4,1
3,9.20710646507761,18979.689480459,1,0,0,60.8427315806039,0.224378655897453,3,1
3.6,4.85150270469724,10750.9497507393,0,0,1,52.173424935434,0.427132410695776,5,1
