"id","low","age","lwt","ftv","bwt","parity","race","smoke","ptl","ht","ui","Smoker"
4,"1. Yes",28,120,0,709,1,"3. other","1. Yes","1","0. No","1. Yes",1
10,"1. Yes",29,130,2,1021,0,"1. white","0. No","0","0. No","1. Yes",0
11,"1. Yes",34,187,0,1135,1,"2. black","1. Yes","0","1. Yes","0. No",1
13,"1. Yes",25,105,0,1330,1,"3. other","0. No","1","1. Yes","0. No",0
15,"1. Yes",25,85,0,1474,2,"3. other","0. No","0","0. No","1. Yes",0
16,"1. Yes",27,150,0,1588,2,"3. other","0. No","0","0. No","0. No",0
17,"1. Yes",23,97,1,1588,4,"3. other","0. No","0","0. No","1. Yes",0
18,"1. Yes",24,128,1,1701,1,"2. black","0. No","1","0. No","0. No",0
19,"1. Yes",24,132,0,1729,4,"3. other","0. No","0","1. Yes","0. No",0
20,"1. Yes",21,165,1,1790,1,"1. white","1. Yes","0","1. Yes","0. No",1
22,"1. Yes",32,105,0,1818,4,"1. white","1. Yes","0","0. No","0. No",1
23,"1. Yes",19,91,0,1885,2,"1. white","1. Yes","2","0. No","1. Yes",1
24,"1. Yes",25,115,0,1893,4,"3. other","0. No","0","0. No","0. No",0
25,"1. Yes",16,130,1,1899,3,"3. other","0. No","0","0. No","0. No",0
26,"1. Yes",25,92,0,1928,0,"1. white","1. Yes","0","0. No","0. No",1
27,"1. Yes",20,150,2,1928,3,"1. white","1. Yes","0","0. No","0. No",1
28,"1. Yes",21,200,2,1928,1,"2. black","0. No","0","0. No","1. Yes",0
29,"1. Yes",24,155,0,1936,2,"1. white","1. Yes","1","0. No","0. No",1
30,"1. Yes",21,103,0,1970,3,"3. other","0. No","0","0. No","0. No",0
31,"1. Yes",20,125,0,2055,0,"3. other","0. No","0","0. No","1. Yes",0
32,"1. Yes",25,89,1,2055,2,"3. other","0. No","2","0. No","0. No",0
33,"1. Yes",19,102,2,2082,2,"1. white","0. No","0","0. No","0. No",0
34,"1. Yes",19,112,0,2084,0,"1. white","1. Yes","0","0. No","1. Yes",1
35,"1. Yes",26,117,0,2084,1,"1. white","1. Yes","1","0. No","0. No",1
36,"1. Yes",24,138,0,2100,2,"1. white","0. No","0","0. No","0. No",0
37,"1. Yes",17,130,0,2125,4,"3. other","1. Yes","1","0. No","1. Yes",1
40,"1. Yes",20,120,3,2126,0,"2. black","1. Yes","0","0. No","0. No",1
42,"1. Yes",22,130,1,2187,3,"1. white","1. Yes","1","0. No","1. Yes",1
43,"1. Yes",27,130,0,2187,1,"2. black","0. No","0","0. No","1. Yes",0
44,"1. Yes",20,80,0,2211,0,"3. other","1. Yes","0","0. No","1. Yes",1
45,"1. Yes",17,110,0,2225,2,"1. white","1. Yes","0","0. No","0. No",1
46,"1. Yes",25,105,1,2240,1,"3. other","0. No","1","0. No","0. No",0
47,"1. Yes",20,109,0,2240,3,"3. other","0. No","0","0. No","0. No",0
49,"1. Yes",18,148,0,2282,1,"3. other","0. No","0","0. No","0. No",0
50,"1. Yes",18,110,0,2296,1,"2. black","1. Yes","1","0. No","0. No",1
51,"1. Yes",20,121,0,2296,2,"1. white","1. Yes","1","0. No","1. Yes",1
52,"1. Yes",21,100,4,2301,1,"3. other","0. No","1","0. No","0. No",0
54,"1. Yes",26,96,0,2325,1,"3. other","0. No","0","0. No","0. No",0
56,"1. Yes",31,102,1,2353,3,"1. white","1. Yes","1","0. No","0. No",1
57,"1. Yes",15,110,0,2353,2,"1. white","0. No","0","0. No","0. No",0
59,"1. Yes",23,187,1,2367,2,"2. black","1. Yes","0","0. No","0. No",1
60,"1. Yes",20,122,0,2381,3,"2. black","1. Yes","0","0. No","0. No",1
61,"1. Yes",24,105,0,2381,2,"2. black","1. Yes","0","0. No","0. No",1
62,"1. Yes",15,115,0,2381,4,"3. other","0. No","0","0. No","1. Yes",0
63,"1. Yes",23,120,0,2395,0,"3. other","0. No","0","0. No","0. No",0
65,"1. Yes",30,142,0,2410,1,"1. white","1. Yes","1","0. No","0. No",1
67,"1. Yes",22,130,1,2410,3,"1. white","1. Yes","0","0. No","0. No",1
68,"1. Yes",17,120,3,2414,0,"1. white","1. Yes","0","0. No","0. No",1
69,"1. Yes",23,110,0,2424,1,"1. white","1. Yes","1","0. No","0. No",1
71,"1. Yes",17,120,2,2438,0,"2. black","0. No","0","0. No","0. No",0
75,"1. Yes",26,154,1,2442,2,"3. other","0. No","1","1. Yes","0. No",0
76,"1. Yes",20,106,3,2450,0,"3. other","0. No","0","0. No","0. No",0
77,"1. Yes",26,190,0,2466,1,"1. white","1. Yes","0","0. No","0. No",1
78,"1. Yes",14,101,0,2466,1,"3. other","1. Yes","1","0. No","0. No",1
79,"1. Yes",28,95,2,2466,1,"1. white","1. Yes","0","0. No","0. No",1
81,"1. Yes",14,100,2,2495,0,"3. other","0. No","0","0. No","0. No",0
82,"1. Yes",23,94,0,2495,0,"3. other","1. Yes","0","0. No","0. No",1
83,"1. Yes",17,142,0,2495,0,"2. black","0. No","0","1. Yes","0. No",0
84,"1. Yes",21,130,3,2495,0,"1. white","1. Yes","0","1. Yes","0. No",1
85,"0. No",19,182,0,2523,0,"2. black","0. No","0","0. No","1. Yes",0
86,"0. No",33,155,3,2551,2,"3. other","0. No","0","0. No","0. No",0
87,"0. No",20,105,1,2557,0,"1. white","1. Yes","0","0. No","0. No",1
88,"0. No",21,108,2,2594,1,"1. white","1. Yes","0","0. No","1. Yes",1
89,"0. No",18,107,0,2600,0,"1. white","1. Yes","0","0. No","1. Yes",1
91,"0. No",21,124,0,2622,1,"3. other","0. No","0","0. No","0. No",0
92,"0. No",22,118,1,2637,2,"1. white","0. No","0","0. No","0. No",0
93,"0. No",17,103,1,2637,0,"3. other","0. No","0","0. No","0. No",0
94,"0. No",29,123,1,2663,2,"1. white","1. Yes","0","0. No","0. No",1
95,"0. No",26,113,0,2665,0,"1. white","1. Yes","0","0. No","0. No",1
96,"0. No",19,95,0,2722,2,"3. other","0. No","0","0. No","0. No",0
97,"0. No",19,150,1,2733,3,"3. other","0. No","0","0. No","0. No",0
98,"0. No",22,95,0,2750,0,"3. other","0. No","0","1. Yes","0. No",0
99,"0. No",30,107,2,2750,1,"3. other","0. No","1","0. No","1. Yes",0
100,"0. No",18,100,0,2769,3,"1. white","1. Yes","0","0. No","0. No",1
101,"0. No",18,100,0,2769,4,"1. white","1. Yes","0","0. No","0. No",1
102,"0. No",15,98,0,2778,3,"2. black","0. No","0","0. No","0. No",0
103,"0. No",25,118,3,2782,4,"1. white","1. Yes","0","0. No","0. No",1
104,"0. No",20,120,0,2807,0,"3. other","0. No","0","0. No","1. Yes",0
105,"0. No",28,120,1,2821,2,"1. white","1. Yes","0","0. No","0. No",1
106,"0. No",32,121,2,2835,2,"3. other","0. No","0","0. No","0. No",0
107,"0. No",31,100,3,2835,0,"1. white","0. No","0","0. No","1. Yes",0
108,"0. No",36,202,1,2836,0,"1. white","0. No","0","0. No","0. No",0
109,"0. No",28,120,0,2863,4,"3. other","0. No","0","0. No","0. No",0
111,"0. No",25,120,2,2877,0,"3. other","0. No","0","0. No","1. Yes",0
112,"0. No",28,167,0,2877,0,"1. white","0. No","0","0. No","0. No",0
113,"0. No",17,122,0,2906,3,"1. white","1. Yes","0","0. No","0. No",1
114,"0. No",29,150,2,2920,0,"1. white","0. No","0","0. No","0. No",0
115,"0. No",26,168,0,2920,0,"2. black","1. Yes","0","0. No","0. No",1
116,"0. No",17,113,1,2920,2,"2. black","0. No","0","0. No","0. No",0
117,"0. No",17,113,1,2920,0,"2. black","0. No","0","0. No","0. No",0
118,"0. No",24,90,1,2948,2,"1. white","1. Yes","1","0. No","0. No",1
119,"0. No",35,121,1,2948,NA,"2. black","1. Yes","1","0. No","0. No",1
120,"0. No",25,155,1,2977,3,"1. white","0. No","0","0. No","0. No",0
121,"0. No",25,125,0,2977,4,"2. black","0. No","0","0. No","0. No",0
123,"0. No",29,140,2,2977,0,"1. white","1. Yes","0","0. No","0. No",1
124,"0. No",19,138,2,2977,2,"1. white","1. Yes","0","0. No","0. No",1
125,"0. No",27,124,0,2922,0,"1. white","1. Yes","0","0. No","0. No",1
126,"0. No",31,215,2,3005,3,"1. white","1. Yes","0","0. No","0. No",1
127,"0. No",33,109,1,3033,0,"1. white","1. Yes","0","0. No","0. No",1
128,"0. No",21,185,2,3042,0,"2. black","1. Yes","0","0. No","0. No",1
129,"0. No",19,189,2,3062,0,"1. white","0. No","0","0. No","0. No",0
130,"0. No",23,130,1,3062,1,"2. black","0. No","0","0. No","0. No",0
131,"0. No",21,160,0,3062,0,"1. white","0. No","0","0. No","0. No",0
132,"0. No",18,90,0,3076,3,"1. white","1. Yes","0","0. No","1. Yes",1
133,"0. No",18,90,0,3076,1,"1. white","1. Yes","0","0. No","1. Yes",1
134,"0. No",32,132,4,3080,2,"1. white","0. No","0","0. No","0. No",0
135,"0. No",19,132,0,3090,0,"3. other","0. No","0","0. No","0. No",0
136,"0. No",24,115,2,3090,1,"1. white","0. No","0","0. No","0. No",0
137,"0. No",22,85,0,3090,0,"3. other","1. Yes","0","0. No","0. No",1
138,"0. No",22,120,1,3100,4,"1. white","0. No","0","1. Yes","0. No",0
139,"0. No",23,128,0,3104,0,"3. other","0. No","0","0. No","0. No",0
140,"0. No",22,130,0,3132,4,"1. white","1. Yes","0","0. No","0. No",1
141,"0. No",30,95,2,3147,0,"1. white","1. Yes","0","0. No","0. No",1
142,"0. No",19,115,0,3175,0,"3. other","0. No","0","0. No","0. No",0
143,"0. No",16,110,0,3175,3,"3. other","0. No","0","0. No","0. No",0
144,"0. No",21,110,0,3203,0,"3. other","1. Yes","0","0. No","1. Yes",1
145,"0. No",30,153,0,3203,3,"3. other","0. No","0","0. No","0. No",0
146,"0. No",20,103,0,3203,0,"3. other","0. No","0","0. No","0. No",0
147,"0. No",17,119,0,3225,0,"3. other","0. No","0","0. No","0. No",0
148,"0. No",17,119,0,3225,1,"3. other","0. No","0","0. No","0. No",0
149,"0. No",23,119,2,3232,0,"3. other","0. No","0","0. No","0. No",0
150,"0. No",24,110,0,3232,2,"3. other","0. No","0","0. No","0. No",0
151,"0. No",28,140,0,3234,0,"1. white","0. No","0","0. No","0. No",0
154,"0. No",26,133,0,3260,3,"3. other","1. Yes","2","0. No","0. No",1
155,"0. No",20,169,1,3274,1,"3. other","0. No","1","0. No","1. Yes",0
156,"0. No",24,115,2,3274,2,"3. other","0. No","0","0. No","0. No",0
159,"0. No",28,250,6,3303,0,"3. other","1. Yes","0","0. No","0. No",1
160,"0. No",20,141,1,3317,2,"1. white","0. No","2","0. No","1. Yes",0
161,"0. No",22,158,2,3317,1,"2. black","0. No","1","0. No","0. No",0
162,"0. No",22,112,0,3317,3,"1. white","1. Yes","2","0. No","0. No",1
163,"0. No",31,150,2,3321,0,"3. other","1. Yes","0","0. No","0. No",1
164,"0. No",23,115,1,3331,1,"3. other","1. Yes","0","0. No","0. No",1
166,"0. No",16,112,0,3374,1,"2. black","0. No","0","0. No","0. No",0
167,"0. No",16,135,0,3374,3,"1. white","1. Yes","0","0. No","0. No",1
168,"0. No",18,229,0,3402,0,"2. black","0. No","0","0. No","0. No",0
169,"0. No",25,140,1,3416,1,"1. white","0. No","0","0. No","0. No",0
170,"0. No",32,134,4,3430,1,"1. white","1. Yes","1","0. No","0. No",1
172,"0. No",20,121,0,3444,0,"2. black","1. Yes","0","0. No","0. No",1
173,"0. No",23,190,0,3459,0,"1. white","0. No","0","0. No","0. No",0
174,"0. No",22,131,1,3460,2,"1. white","0. No","0","0. No","0. No",0
175,"0. No",32,170,0,3473,0,"1. white","0. No","0","0. No","0. No",0
176,"0. No",30,110,0,3475,0,"3. other","0. No","0","0. No","0. No",0
177,"0. No",20,127,0,3487,1,"3. other","0. No","0","0. No","0. No",0
179,"0. No",23,123,0,3544,1,"3. other","0. No","0","0. No","0. No",0
180,"0. No",17,120,0,3572,1,"3. other","1. Yes","0","0. No","0. No",1
181,"0. No",19,105,0,3572,0,"3. other","0. No","0","0. No","0. No",0
182,"0. No",23,130,0,3586,2,"1. white","0. No","0","0. No","0. No",0
183,"0. No",36,175,0,3600,0,"1. white","0. No","0","0. No","0. No",0
184,"0. No",22,125,1,3614,1,"1. white","0. No","0","0. No","0. No",0
185,"0. No",24,133,0,3614,0,"1. white","0. No","0","0. No","0. No",0
186,"0. No",21,134,2,3629,2,"3. other","0. No","0","0. No","0. No",0
187,"0. No",19,235,0,3629,0,"1. white","1. Yes","0","1. Yes","0. No",1
188,"0. No",25,95,0,3637,3,"1. white","1. Yes","3","0. No","1. Yes",1
189,"0. No",16,135,0,3643,4,"1. white","1. Yes","0","0. No","0. No",1
190,"0. No",29,135,1,3651,1,"1. white","0. No","0","0. No","0. No",0
191,"0. No",29,154,1,3651,0,"1. white","0. No","0","0. No","0. No",0
192,"0. No",19,147,0,3651,4,"1. white","1. Yes","0","0. No","0. No",1
193,"0. No",19,147,0,3651,0,"1. white","1. Yes","0","0. No","0. No",1
195,"0. No",30,137,1,3699,3,"1. white","0. No","0","0. No","0. No",0
196,"0. No",24,110,1,3728,0,"1. white","0. No","0","0. No","0. No",0
197,"0. No",19,184,0,3756,4,"1. white","1. Yes","0","1. Yes","0. No",1
199,"0. No",24,110,0,3770,2,"3. other","0. No","1","0. No","0. No",0
200,"0. No",23,110,1,3770,2,"1. white","0. No","0","0. No","0. No",0
201,"0. No",20,120,0,3770,0,"3. other","0. No","0","0. No","0. No",0
202,"0. No",25,241,0,3790,4,"2. black","0. No","0","1. Yes","0. No",0
203,"0. No",30,112,1,3799,4,"1. white","0. No","0","0. No","0. No",0
204,"0. No",22,169,0,3827,4,"1. white","0. No","0","0. No","0. No",0
205,"0. No",18,120,2,3856,0,"1. white","1. Yes","0","0. No","0. No",1
206,"0. No",16,170,4,3860,0,"2. black","0. No","0","0. No","0. No",0
207,"0. No",32,186,2,3860,3,"1. white","0. No","0","0. No","0. No",0
208,"0. No",18,120,1,3884,0,"3. other","0. No","0","0. No","0. No",0
209,"0. No",29,130,2,3884,0,"1. white","1. Yes","0","0. No","0. No",1
210,"0. No",33,117,1,3912,0,"1. white","0. No","0","0. No","1. Yes",0
211,"0. No",20,170,0,3940,NA,"1. white","1. Yes","0","0. No","0. No",1
212,"0. No",28,134,1,3941,0,"3. other","0. No","0","0. No","0. No",0
213,"0. No",14,135,0,3941,3,"1. white","0. No","0","0. No","0. No",0
214,"0. No",28,130,0,3969,0,"3. other","0. No","0","0. No","0. No",0
215,"0. No",25,120,2,3983,4,"1. white","0. No","0","0. No","0. No",0
216,"0. No",16,95,1,3997,3,"3. other","0. No","0","0. No","0. No",0
217,"0. No",20,158,1,3997,2,"1. white","0. No","0","0. No","0. No",0
218,"0. No",26,160,0,4054,2,"3. other","0. No","0","0. No","0. No",0
219,"0. No",21,115,1,4054,0,"1. white","0. No","0","0. No","0. No",0
220,"0. No",22,129,0,4111,0,"1. white","0. No","0","0. No","0. No",0
221,"0. No",25,130,2,4153,0,"1. white","0. No","0","0. No","0. No",0
222,"0. No",31,120,2,4167,2,"1. white","0. No","0","0. No","0. No",0
223,"0. No",35,170,1,4174,1,"1. white","0. No","1","0. No","0. No",0
224,"0. No",19,120,0,4238,0,"1. white","1. Yes","0","0. No","0. No",1
225,"0. No",24,116,1,4593,1,"1. white","0. No","0","0. No","0. No",0
226,"0. No",45,123,1,4990,1,"1. white","0. No","0","0. No","0. No",0
