"LOS","Hospital","Month"
2.340972222,"A",12
1.343055556,"A",8
4.984027778,"A",8
0.295833333,"A",9
0.209722222,"A",6
0.554166667,"A",11
0.388888889,"A",2
16.83055556,"A",1
1.83125,"A",9
10.7125,"A",11
4.175694444,"A",2
17.05972222,"A",9
86.86319444,"A",12
9.233333333,"A",9
1.591666667,"A",8
4.586805556,"A",2
22.27152778,"A",10
30.58958333,"A",11
5.709027778,"A",11
1.411805556,"A",4
1.416666667,"A",11
20.23333333,"A",3
14.05277778,"A",1
4.417361111,"A",12
17.82569444,"A",3
16.17986111,"A",2
11.15347222,"A",1
2.995138889,"A",8
2.910416667,"A",8
15.61319444,"A",8
53.06944444,"A",11
10.18680556,"A",1
8.3,"A",3
4.508333333,"A",12
15.44166667,"A",8
1.211111111,"A",2
11.72291667,"A",7
33.65694444,"A",2
3.313888889,"A",4
4.839583333,"A",2
1.052777778,"A",4
0.997222222,"A",1
4.699305556,"A",1
4.010416667,"A",3
4.25,"A",11
15.38402778,"A",3
7.30625,"A",9
4.715972222,"A",2
14.22986111,"A",12
9.025,"A",3
33.79722222,"A",8
19.11736111,"A",1
4.167361111,"A",8
41.16944444,"A",2
14.32569444,"A",8
2.257638889,"A",12
24.84861111,"A",2
21.42222222,"A",11
43.03680556,"A",1
3.901388889,"A",12
12.07986111,"A",1
0.807638889,"A",11
5.408333333,"A",12
9.754861111,"A",9
1.445138889,"A",3
0.972916667,"A",4
1.261111111,"A",3
16.61666667,"A",7
0.983333333,"A",9
5.148611111,"A",7
8.489583333,"A",1
3.791666667,"A",1
38.37013889,"A",12
1.227083333,"A",10
14.43541667,"A",2
0.661111111,"A",4
2.070833333,"A",9
0.622916667,"A",3
8.426388889,"A",9
3.738194444,"A",4
13.03402778,"A",1
2.719444444,"A",2
13.74166667,"A",10
2.815972222,"A",8
2.209027778,"A",3
7.502083333,"A",1
2.31875,"A",10
0.670833333,"A",2
3.238888889,"A",8
11.98472222,"A",1
1.304166667,"A",1
10.89027778,"A",1
12.46944444,"A",3
29.62847222,"A",12
21.30277778,"A",1
67.54444444,"A",8
3.577083333,"A",9
2.234027778,"A",8
1.431944444,"A",7
11.04236111,"A",7
3.623611111,"A",10
42.66388889,"A",1
22.94722222,"A",2
34.92638889,"A",2
18.2625,"A",1
8.827083333,"A",4
6.890277778,"A",1
5.984722222,"A",3
0.947222222,"A",7
0.859027778,"A",1
2.709027778,"A",3
11.40486111,"A",4
1.522222222,"A",9
6.253472222,"A",1
2.2,"A",10
0.7625,"A",9
1.806944444,"A",5
1.469444444,"A",10
1.054166667,"A",2
5.364583333,"A",10
1.531944444,"A",7
3.082638889,"A",8
13.83055556,"A",2
15.96875,"A",11
1.25,"A",4
1.545138889,"A",10
12.38541667,"A",8
3.2625,"A",3
0.861111111,"A",1
0.614583333,"A",9
7.243055556,"A",11
3.034722222,"A",1
1.784722222,"A",3
4.879861111,"A",4
11.10555556,"A",7
2.019444444,"A",6
1.347222222,"A",6
18.72361111,"A",7
1.844444444,"A",6
7.475694444,"A",7
3.220138889,"A",6
1.578472222,"A",1
12.56736111,"A",5
10.23611111,"A",1
0.935416667,"A",5
1.202777778,"A",6
5.791666667,"A",7
4.390972222,"A",1
6.063888889,"A",5
12.29791667,"A",6
2.20625,"A",5
72.86736111,"A",2
28.09444444,"A",1
21.17222222,"A",5
0.627083333,"A",5
7.085416667,"A",1
1.20625,"A",1
3.434027778,"A",5
14.81180556,"A",1
1.415277778,"A",6
10.03194444,"B",4
37.48402778,"B",2
32.09652778,"B",2
9.786111111,"B",1
0.980555556,"B",3
2.349305556,"B",11
1.177083333,"B",1
10.475,"B",3
4.236805556,"B",5
5.311805556,"B",12
0.345138889,"B",2
11.35902778,"B",1
1.70625,"B",3
8.400694444,"B",1
36.79166667,"B",2
4.763888889,"B",11
3.779166667,"B",11
1.570138889,"B",10
28.02361111,"B",2
5.661805556,"B",3
28.41458333,"B",7
1.05625,"B",1
27.79583333,"B",2
13.64305556,"B",12
9.816666667,"B",10
3.673611111,"B",4
8.715972222,"B",5
0.783333333,"B",9
12.78263889,"B",4
4.309027778,"B",10
12.80972222,"B",7
0.889583333,"B",5
1.896527778,"B",3
8.633333333,"B",4
6.021527778,"B",11
12.125,"B",2
5.467361111,"B",6
6.15625,"B",1
13.78125,"B",4
0.905555556,"B",10
14.27916667,"B",9
41.5375,"B",1
9.300694444,"B",10
0.792361111,"B",2
5.900694444,"B",8
2.909027778,"B",11
2.067361111,"B",1
5.919444444,"B",11
3.823611111,"B",1
4.056944444,"B",7
4.047222222,"B",4
1.290277778,"B",11
8.636111111,"B",11
29.33680556,"B",3
1.058333333,"B",3
8.476388889,"B",10
14.71736111,"B",10
3.191666667,"B",1
20.09097222,"B",4
6.443055556,"B",7
0.848611111,"B",10
8.034027778,"B",2
19.03819444,"B",5
14.94236111,"B",4
0.673611111,"B",6
0.64375,"B",3
9.84375,"B",10
2.079861111,"B",12
98.02986111,"B",5
2.138888889,"B",4
0.936111111,"B",2
4.744444444,"B",9
33.23472222,"B",11
56.66111111,"B",10
12.97777778,"B",12
32.29375,"B",11
12.37916667,"B",3
9.480555556,"B",2
17.37361111,"B",8
7.245833333,"B",9
3.096527778,"B",3
7.505555556,"B",12
6.324305556,"B",10
8.945138889,"B",2
2.259722222,"B",11
6.722916667,"B",5
18.29930556,"B",4
1.227083333,"B",10
14.82152778,"B",8
2.834722222,"B",10
12.47638889,"B",2
15.70625,"B",2
18.1,"B",5
4.435416667,"B",10
11.34305556,"B",11
4.986805556,"B",8
19.6,"B",4
13.88888889,"B",3
3.490972222,"B",1
4.084027778,"B",12
24.22013889,"B",8
15.14444444,"B",11
2.199305556,"B",6
8.569444444,"B",10
5.192361111,"B",6
1.860416667,"B",3
14.21736111,"B",9
0.95,"B",3
0.600694444,"B",3
6.763194444,"B",12
5.090277778,"B",1
18.76111111,"B",12
34.21805556,"B",9
0.410416667,"B",7
1.338888889,"B",5
5.770833333,"B",7
4.861805556,"B",2
6.015277778,"B",1
0.706944444,"B",3
46.68680556,"B",3
1.021527778,"B",8
34.08263889,"B",2
2.324305556,"B",9
18.74930556,"B",8
0.952083333,"B",3
1.529166667,"B",1
0.460416667,"B",9
7.802083333,"B",9
8.859027778,"B",12
7.609722222,"B",11
6.347916667,"B",9
3.210416667,"B",12
6.059722222,"B",4
8.425,"B",9
12.12083333,"B",3
1.969444444,"B",3
1.4125,"B",9
6.799305556,"B",1
2.040972222,"B",10
1.05,"B",5
50.90763889,"B",10
6.418055556,"B",6
21.53333333,"B",10
3.121527778,"B",4
2.770138889,"B",2
1.474305556,"B",2
3.204861111,"B",1
1.686805556,"B",6
21.83333333,"B",1
12.94444444,"B",2
19.25486111,"B",3
125.4666667,"B",10
36.95347222,"B",3
3.000694444,"B",10
2.363194444,"B",3
0.982638889,"B",2
25.91875,"B",2
1.815972222,"B",4
8.502777778,"B",2
8.303472222,"B",2
1.407638889,"B",12
0.483333333,"B",1
1.047916667,"B",6
10.42430556,"B",2
2.561111111,"B",8
5.414583333,"B",12
19.81111111,"B",1
4.846527778,"B",4
1.143055556,"B",5
0.584027778,"B",10
2.419444444,"B",11
3.307638889,"B",5
9.525694444,"B",12
10.32291667,"B",6
14.34583333,"B",1
3.108333333,"B",4
2.156944444,"B",4
25.13958333,"B",3
8.466666667,"B",5
22.07847222,"B",3
11.64513889,"B",1
77.85555556,"B",4
4.750694444,"B",7
20.27361111,"B",7
0.627777778,"B",6
7.711111111,"B",5
9.077777778,"B",9
0.820833333,"B",12
3.290972222,"B",12
1.204166667,"B",6
7.967361111,"B",11
0.360416667,"B",11
51.58541667,"B",10
1.628472222,"B",6
3.119444444,"B",9
19.75,"B",2
11.37013889,"B",2
30.02986111,"B",3
3.022916667,"B",7
22.23194444,"B",1
3.876388889,"B",2
2.119444444,"B",3
31.05902778,"B",2
1.111111111,"B",6
2.16875,"B",7
21.00277778,"B",8
24.48611111,"B",7
18.24652778,"B",9
29.72291667,"B",1
6.197916667,"B",5
10.28958333,"B",1
0.897916667,"B",8
2.592361111,"B",10
22.46319444,"B",7
1.653472222,"B",9
11.76388889,"B",7
7.435416667,"B",12
49.64305556,"B",9
5.08125,"B",4
13.91527778,"B",1
8.355555556,"B",2
2.614583333,"B",12
6.033333333,"B",11
1.272222222,"B",5
4.336805556,"B",8
22.70138889,"B",12
43.56736111,"B",2
10.12430556,"B",4
36.7125,"B",7
36.35277778,"B",7
1.235416667,"B",6
3.809722222,"B",12
1.782638889,"B",1
5.305555556,"B",2
1.246527778,"B",9
14.325,"B",2
5.06875,"B",7
2.128472222,"B",4
0.652083333,"B",12
9.859027778,"B",6
1.085416667,"B",6
0.518055556,"B",6
11.24791667,"B",1
3.526388889,"B",12
1.038888889,"B",1
1.194444444,"B",1
5.040972222,"B",2
20.86875,"B",1
0.539583333,"B",12
11.54513889,"B",12
1.402777778,"B",2
61.8125,"B",2
25.21319444,"B",2
0.657638889,"B",2
8.45,"B",2
19.88055556,"B",2
0.736805556,"B",3
1.672916667,"B",1
2.396527778,"B",2
9.272222222,"B",2
8.008333333,"B",3
1.129166667,"B",12
2.895138889,"B",2
0.397916667,"B",3
2.301388889,"B",1
1.818055556,"B",11
2.463194444,"B",11
1.152777778,"B",3
7.05625,"B",2
1.379166667,"B",12
1.168055556,"B",12
2.709027778,"B",3
2.527083333,"B",12
11.26666667,"B",3
0.241666667,"B",9
0.488194444,"B",1
0.938194444,"B",1
1.345138889,"B",5
1.525,"B",4
1.349305556,"B",10
0.871527778,"B",2
2.413194444,"B",10
2.359027778,"B",3
1.104166667,"B",5
2.878472222,"B",10
4.764583333,"B",5
2.159027778,"B",6
2.538194444,"B",1
1.391666667,"B",4
7.174305556,"B",7
1.695138889,"B",6
1.997222222,"A",1
